type,id,name,kw1,kw2,kw3,kw4,kw5,kw6,kw7,kw8,kw9,kw10,kw11,kw12,kw13,kw14,kw15,kw16,kw17,kw18,kw19,kw20
직업,10113,지능형 로봇개발자,로봇,지능,인공지능,알고리즘,개발,로봇개발자,로봇공학,이동,개발자,IT,프로젝트,제작,취업,인간,산업알고리즘미래,캡스톤,뇌구조,전산공학,보빌맅,댜양한
직업,10114,우주전파예보관,우주,우주전파,흑점,우주과학,인공위성,태양활동,태양,천문학,관측,전파,신호,예측,해석,데이터,취업,활동,전자전파공학,태양전파,연구조원,천문학태양나사미래
직업,10115,디지털 헬스케어 기기 개발자,헬스케어,디지털,기기,의료,의료기기,개발자,스마트,코딩,개발,참여,시험,인공지능,병원,데이터,동아리,서비스,기술,의료A,의료고령,헬스기기
직업,10116,신소재 개발 연구원,신소재,소재,실험,연구원,재료공학,기업체,연구소,개발,과학,특성,호기심,복합소재,재료공학자,산업재료공학나노,세라믹공학,발명,분자공학,신소재공학,금속공학,세라믹
직업,10117,인공지능 엔지니어,인공지능,데이터,모델,수학,알고리즘,엔지니어,학습,통계학,AI,예측,로봇,기반,응용소프트웨어개발자,응용소프트웨어학,카이오,인공지능연구원,인공지능학,채용시험,기술전문,학습모델
직업,10118,데이터 라벨러,데이터,라벨러,라벨,인공지능,라벨링,표식,플랫폼,입력,작업,자동차,사물,학습,수집,마우스,재택근무,박스,짜증,크라우드웍스,네모,초보자
직업,10112,스마트공장 기술자,공장,스마트,설비,스마트공장,로봇,운용,체험,전기전자공학,통신공학,기계공학,시스템,설치,기술자,컴퓨터공학,설계,대학,검토,협업,설계사,기술규격
직업,10111,핀테크 전문가,핀테크,서비스,고객사,정보기술,금융,운영,기술,뱅킹,에반젤리스트,송금,텔레뱅킹,니즈,금융정보공학,시스템,대출,직면,결제,적용,공개채용,경영정보학
직업,10110,양자 컴퓨팅 기술자,양자,컴퓨터,컴퓨팅,하드웨어,계산,기술자,기술,행사,운용,물리학,대학,소프트웨어,입체,대학원,개발,전자컴퓨터공학,공학자,큐비트슈퍼컴퓨터,큐비트,qubits
직업,10113,지능형 로봇개발자,로봇,지능,인공지능,알고리즘,개발,로봇개발자,로봇공학,이동,개발자,IT,프로젝트,제작,취업,인간,산업알고리즘미래,캡스톤,뇌구조,전산공학,보빌맅,댜양한
직업,10114,우주전파예보관,우주,우주전파,흑점,우주과학,인공위성,태양활동,태양,천문학,관측,전파,신호,예측,해석,데이터,취업,활동,전자전파공학,태양전파,연구조원,천문학태양나사미래
직업,10115,디지털 헬스케어 기기 개발자,헬스케어,디지털,기기,의료,의료기기,개발자,스마트,코딩,개발,참여,시험,인공지능,병원,데이터,동아리,서비스,기술,의료A,의료고령,헬스기기
직업,10116,신소재 개발 연구원,신소재,소재,실험,연구원,재료공학,기업체,연구소,개발,과학,특성,호기심,복합소재,재료공학자,산업재료공학나노,세라믹공학,발명,분자공학,신소재공학,금속공학,세라믹
직업,10117,인공지능 엔지니어,인공지능,데이터,모델,수학,알고리즘,엔지니어,학습,통계학,AI,예측,로봇,기반,응용소프트웨어개발자,응용소프트웨어학,카이오,인공지능연구원,인공지능학,채용시험,기술전문,학습모델
직업,10118,데이터 라벨러,데이터,라벨러,라벨,인공지능,라벨링,표식,플랫폼,입력,작업,자동차,사물,학습,수집,마우스,재택근무,박스,짜증,크라우드웍스,네모,초보자
직업,10112,스마트공장 기술자,공장,스마트,설비,스마트공장,로봇,운용,체험,전기전자공학,통신공학,기계공학,시스템,설치,기술자,컴퓨터공학,설계,대학,검토,협업,설계사,기술규격
직업,10111,핀테크 전문가,핀테크,서비스,고객사,정보기술,금융,운영,기술,뱅킹,에반젤리스트,송금,텔레뱅킹,니즈,금융정보공학,시스템,대출,직면,결제,적용,공개채용,경영정보학
직업,10110,양자 컴퓨팅 기술자,양자,컴퓨터,컴퓨팅,하드웨어,계산,기술자,기술,행사,운용,물리학,대학,소프트웨어,입체,대학원,개발,전자컴퓨터공학,공학자,큐비트슈퍼컴퓨터,큐비트,qubits
직업,10113,지능형 로봇개발자,로봇,지능,인공지능,알고리즘,개발,로봇개발자,로봇공학,이동,개발자,IT,프로젝트,제작,취업,인간,산업알고리즘미래,캡스톤,뇌구조,전산공학,보빌맅,댜양한
직업,10114,우주전파예보관,우주,우주전파,흑점,우주과학,인공위성,태양활동,태양,천문학,관측,전파,신호,예측,해석,데이터,취업,활동,전자전파공학,태양전파,연구조원,천문학태양나사미래
직업,10115,디지털 헬스케어 기기 개발자,헬스케어,디지털,기기,의료,의료기기,개발자,스마트,코딩,개발,참여,시험,인공지능,병원,데이터,동아리,서비스,기술,의료A,의료고령,헬스기기
직업,10116,신소재 개발 연구원,신소재,소재,실험,연구원,재료공학,기업체,연구소,개발,과학,특성,호기심,복합소재,재료공학자,산업재료공학나노,세라믹공학,발명,분자공학,신소재공학,금속공학,세라믹
직업,10117,인공지능 엔지니어,인공지능,데이터,모델,수학,알고리즘,엔지니어,학습,통계학,AI,예측,로봇,기반,응용소프트웨어개발자,응용소프트웨어학,카이오,인공지능연구원,인공지능학,채용시험,기술전문,학습모델
직업,10118,데이터 라벨러,데이터,라벨러,라벨,인공지능,라벨링,표식,플랫폼,입력,작업,자동차,사물,학습,수집,마우스,재택근무,박스,짜증,크라우드웍스,네모,초보자
직업,10112,스마트공장 기술자,공장,스마트,설비,스마트공장,로봇,운용,체험,전기전자공학,통신공학,기계공학,시스템,설치,기술자,컴퓨터공학,설계,대학,검토,협업,설계사,기술규격
직업,10111,핀테크 전문가,핀테크,서비스,고객사,정보기술,금융,운영,기술,뱅킹,에반젤리스트,송금,텔레뱅킹,니즈,금융정보공학,시스템,대출,직면,결제,적용,공개채용,경영정보학
직업,10110,양자 컴퓨팅 기술자,양자,컴퓨터,컴퓨팅,하드웨어,계산,기술자,기술,행사,운용,물리학,대학,소프트웨어,입체,대학원,개발,전자컴퓨터공학,공학자,큐비트슈퍼컴퓨터,큐비트,qubits
직업,10113,지능형 로봇개발자,로봇,지능,인공지능,알고리즘,개발,로봇개발자,로봇공학,이동,개발자,IT,프로젝트,제작,취업,인간,산업알고리즘미래,캡스톤,뇌구조,전산공학,보빌맅,댜양한
직업,10114,우주전파예보관,우주,우주전파,흑점,우주과학,인공위성,태양활동,태양,천문학,관측,전파,신호,예측,해석,데이터,취업,활동,전자전파공학,태양전파,연구조원,천문학태양나사미래
직업,10115,디지털 헬스케어 기기 개발자,헬스케어,디지털,기기,의료,의료기기,개발자,스마트,코딩,개발,참여,시험,인공지능,병원,데이터,동아리,서비스,기술,의료A,의료고령,헬스기기
직업,10116,신소재 개발 연구원,신소재,소재,실험,연구원,재료공학,기업체,연구소,개발,과학,특성,호기심,복합소재,재료공학자,산업재료공학나노,세라믹공학,발명,분자공학,신소재공학,금속공학,세라믹
직업,10117,인공지능 엔지니어,인공지능,데이터,모델,수학,알고리즘,엔지니어,학습,통계학,AI,예측,로봇,기반,응용소프트웨어개발자,응용소프트웨어학,카이오,인공지능연구원,인공지능학,채용시험,기술전문,학습모델
직업,10118,데이터 라벨러,데이터,라벨러,라벨,인공지능,라벨링,표식,플랫폼,입력,작업,자동차,사물,학습,수집,마우스,재택근무,박스,짜증,크라우드웍스,네모,초보자
직업,10112,스마트공장 기술자,공장,스마트,설비,스마트공장,로봇,운용,체험,전기전자공학,통신공학,기계공학,시스템,설치,기술자,컴퓨터공학,설계,대학,검토,협업,설계사,기술규격
직업,10111,핀테크 전문가,핀테크,서비스,고객사,정보기술,금융,운영,기술,뱅킹,에반젤리스트,송금,텔레뱅킹,니즈,금융정보공학,시스템,대출,직면,결제,적용,공개채용,경영정보학
직업,10110,양자 컴퓨팅 기술자,양자,컴퓨터,컴퓨팅,하드웨어,계산,기술자,기술,행사,운용,물리학,대학,소프트웨어,입체,대학원,개발,전자컴퓨터공학,공학자,큐비트슈퍼컴퓨터,큐비트,qubits
직업,10113,지능형 로봇개발자,로봇,지능,인공지능,알고리즘,개발,로봇개발자,로봇공학,이동,개발자,IT,프로젝트,제작,취업,인간,산업알고리즘미래,캡스톤,뇌구조,전산공학,보빌맅,댜양한
직업,10114,우주전파예보관,우주,우주전파,흑점,우주과학,인공위성,태양활동,태양,천문학,관측,전파,신호,예측,해석,데이터,취업,활동,전자전파공학,태양전파,연구조원,천문학태양나사미래
직업,10115,디지털 헬스케어 기기 개발자,헬스케어,디지털,기기,의료,의료기기,개발자,스마트,코딩,개발,참여,시험,인공지능,병원,데이터,동아리,서비스,기술,의료A,의료고령,헬스기기
직업,10116,신소재 개발 연구원,신소재,소재,실험,연구원,재료공학,기업체,연구소,개발,과학,특성,호기심,복합소재,재료공학자,산업재료공학나노,세라믹공학,발명,분자공학,신소재공학,금속공학,세라믹
직업,10117,인공지능 엔지니어,인공지능,데이터,모델,수학,알고리즘,엔지니어,학습,통계학,AI,예측,로봇,기반,응용소프트웨어개발자,응용소프트웨어학,카이오,인공지능연구원,인공지능학,채용시험,기술전문,학습모델
직업,10118,데이터 라벨러,데이터,라벨러,라벨,인공지능,라벨링,표식,플랫폼,입력,작업,자동차,사물,학습,수집,마우스,재택근무,박스,짜증,크라우드웍스,네모,초보자
직업,10112,스마트공장 기술자,공장,스마트,설비,스마트공장,로봇,운용,체험,전기전자공학,통신공학,기계공학,시스템,설치,기술자,컴퓨터공학,설계,대학,검토,협업,설계사,기술규격
직업,10111,핀테크 전문가,핀테크,서비스,고객사,정보기술,금융,운영,기술,뱅킹,에반젤리스트,송금,텔레뱅킹,니즈,금융정보공학,시스템,대출,직면,결제,적용,공개채용,경영정보학
직업,10110,양자 컴퓨팅 기술자,양자,컴퓨터,컴퓨팅,하드웨어,계산,기술자,기술,행사,운용,물리학,대학,소프트웨어,입체,대학원,개발,전자컴퓨터공학,공학자,큐비트슈퍼컴퓨터,큐비트,qubits
직업,10113,지능형 로봇개발자,로봇,지능,인공지능,알고리즘,개발,로봇개발자,로봇공학,이동,개발자,IT,프로젝트,제작,취업,인간,산업알고리즘미래,캡스톤,뇌구조,전산공학,보빌맅,댜양한
직업,10114,우주전파예보관,우주,우주전파,흑점,우주과학,인공위성,태양활동,태양,천문학,관측,전파,신호,예측,해석,데이터,취업,활동,전자전파공학,태양전파,연구조원,천문학태양나사미래
직업,10115,디지털 헬스케어 기기 개발자,헬스케어,디지털,기기,의료,의료기기,개발자,스마트,코딩,개발,참여,시험,인공지능,병원,데이터,동아리,서비스,기술,의료A,의료고령,헬스기기
직업,10116,신소재 개발 연구원,신소재,소재,실험,연구원,재료공학,기업체,연구소,개발,과학,특성,호기심,복합소재,재료공학자,산업재료공학나노,세라믹공학,발명,분자공학,신소재공학,금속공학,세라믹
직업,10117,인공지능 엔지니어,인공지능,데이터,모델,수학,알고리즘,엔지니어,학습,통계학,AI,예측,로봇,기반,응용소프트웨어개발자,응용소프트웨어학,카이오,인공지능연구원,인공지능학,채용시험,기술전문,학습모델
직업,10118,데이터 라벨러,데이터,라벨러,라벨,인공지능,라벨링,표식,플랫폼,입력,작업,자동차,사물,학습,수집,마우스,재택근무,박스,짜증,크라우드웍스,네모,초보자
직업,10112,스마트공장 기술자,공장,스마트,설비,스마트공장,로봇,운용,체험,전기전자공학,통신공학,기계공학,시스템,설치,기술자,컴퓨터공학,설계,대학,검토,협업,설계사,기술규격
직업,10111,핀테크 전문가,핀테크,서비스,고객사,정보기술,금융,운영,기술,뱅킹,에반젤리스트,송금,텔레뱅킹,니즈,금융정보공학,시스템,대출,직면,결제,적용,공개채용,경영정보학
직업,10110,양자 컴퓨팅 기술자,양자,컴퓨터,컴퓨팅,하드웨어,계산,기술자,기술,행사,운용,물리학,대학,소프트웨어,입체,대학원,개발,전자컴퓨터공학,공학자,큐비트슈퍼컴퓨터,큐비트,qubits
직업,10113,지능형 로봇개발자,로봇,지능,인공지능,알고리즘,개발,로봇개발자,로봇공학,이동,개발자,IT,프로젝트,제작,취업,인간,산업알고리즘미래,캡스톤,뇌구조,전산공학,보빌맅,댜양한
직업,10114,우주전파예보관,우주,우주전파,흑점,우주과학,인공위성,태양활동,태양,천문학,관측,전파,신호,예측,해석,데이터,취업,활동,전자전파공학,태양전파,연구조원,천문학태양나사미래
직업,10115,디지털 헬스케어 기기 개발자,헬스케어,디지털,기기,의료,의료기기,개발자,스마트,코딩,개발,참여,시험,인공지능,병원,데이터,동아리,서비스,기술,의료A,의료고령,헬스기기
직업,10116,신소재 개발 연구원,신소재,소재,실험,연구원,재료공학,기업체,연구소,개발,과학,특성,호기심,복합소재,재료공학자,산업재료공학나노,세라믹공학,발명,분자공학,신소재공학,금속공학,세라믹
직업,10117,인공지능 엔지니어,인공지능,데이터,모델,수학,알고리즘,엔지니어,학습,통계학,AI,예측,로봇,기반,응용소프트웨어개발자,응용소프트웨어학,카이오,인공지능연구원,인공지능학,채용시험,기술전문,학습모델
직업,10118,데이터 라벨러,데이터,라벨러,라벨,인공지능,라벨링,표식,플랫폼,입력,작업,자동차,사물,학습,수집,마우스,재택근무,박스,짜증,크라우드웍스,네모,초보자
직업,10112,스마트공장 기술자,공장,스마트,설비,스마트공장,로봇,운용,체험,전기전자공학,통신공학,기계공학,시스템,설치,기술자,컴퓨터공학,설계,대학,검토,협업,설계사,기술규격
직업,10111,핀테크 전문가,핀테크,서비스,고객사,정보기술,금융,운영,기술,뱅킹,에반젤리스트,송금,텔레뱅킹,니즈,금융정보공학,시스템,대출,직면,결제,적용,공개채용,경영정보학
직업,10110,양자 컴퓨팅 기술자,양자,컴퓨터,컴퓨팅,하드웨어,계산,기술자,기술,행사,운용,물리학,대학,소프트웨어,입체,대학원,개발,전자컴퓨터공학,공학자,큐비트슈퍼컴퓨터,큐비트,qubits
직업,10113,지능형 로봇개발자,로봇,지능,인공지능,알고리즘,개발,로봇개발자,로봇공학,이동,개발자,IT,프로젝트,제작,취업,인간,산업알고리즘미래,캡스톤,뇌구조,전산공학,보빌맅,댜양한
직업,10114,우주전파예보관,우주,우주전파,흑점,우주과학,인공위성,태양활동,태양,천문학,관측,전파,신호,예측,해석,데이터,취업,활동,전자전파공학,태양전파,연구조원,천문학태양나사미래
직업,10115,디지털 헬스케어 기기 개발자,헬스케어,디지털,기기,의료,의료기기,개발자,스마트,코딩,개발,참여,시험,인공지능,병원,데이터,동아리,서비스,기술,의료A,의료고령,헬스기기
직업,10116,신소재 개발 연구원,신소재,소재,실험,연구원,재료공학,기업체,연구소,개발,과학,특성,호기심,복합소재,재료공학자,산업재료공학나노,세라믹공학,발명,분자공학,신소재공학,금속공학,세라믹
직업,10117,인공지능 엔지니어,인공지능,데이터,모델,수학,알고리즘,엔지니어,학습,통계학,AI,예측,로봇,기반,응용소프트웨어개발자,응용소프트웨어학,카이오,인공지능연구원,인공지능학,채용시험,기술전문,학습모델
직업,10118,데이터 라벨러,데이터,라벨러,라벨,인공지능,라벨링,표식,플랫폼,입력,작업,자동차,사물,학습,수집,마우스,재택근무,박스,짜증,크라우드웍스,네모,초보자
직업,10112,스마트공장 기술자,공장,스마트,설비,스마트공장,로봇,운용,체험,전기전자공학,통신공학,기계공학,시스템,설치,기술자,컴퓨터공학,설계,대학,검토,협업,설계사,기술규격
직업,10111,핀테크 전문가,핀테크,서비스,고객사,정보기술,금융,운영,기술,뱅킹,에반젤리스트,송금,텔레뱅킹,니즈,금융정보공학,시스템,대출,직면,결제,적용,공개채용,경영정보학
직업,10110,양자 컴퓨팅 기술자,양자,컴퓨터,컴퓨팅,하드웨어,계산,기술자,기술,행사,운용,물리학,대학,소프트웨어,입체,대학원,개발,전자컴퓨터공학,공학자,큐비트슈퍼컴퓨터,큐비트,qubits
직업,10113,지능형 로봇개발자,로봇,지능,인공지능,알고리즘,개발,로봇개발자,로봇공학,이동,개발자,IT,프로젝트,제작,취업,인간,산업알고리즘미래,캡스톤,뇌구조,전산공학,보빌맅,댜양한
직업,10114,우주전파예보관,우주,우주전파,흑점,우주과학,인공위성,태양활동,태양,천문학,관측,전파,신호,예측,해석,데이터,취업,활동,전자전파공학,태양전파,연구조원,천문학태양나사미래
직업,10115,디지털 헬스케어 기기 개발자,헬스케어,디지털,기기,의료,의료기기,개발자,스마트,코딩,개발,참여,시험,인공지능,병원,데이터,동아리,서비스,기술,의료A,의료고령,헬스기기
직업,10116,신소재 개발 연구원,신소재,소재,실험,연구원,재료공학,기업체,연구소,개발,과학,특성,호기심,복합소재,재료공학자,산업재료공학나노,세라믹공학,발명,분자공학,신소재공학,금속공학,세라믹
직업,10117,인공지능 엔지니어,인공지능,데이터,모델,수학,알고리즘,엔지니어,학습,통계학,AI,예측,로봇,기반,응용소프트웨어개발자,응용소프트웨어학,카이오,인공지능연구원,인공지능학,채용시험,기술전문,학습모델
직업,10118,데이터 라벨러,데이터,라벨러,라벨,인공지능,라벨링,표식,플랫폼,입력,작업,자동차,사물,학습,수집,마우스,재택근무,박스,짜증,크라우드웍스,네모,초보자
직업,10112,스마트공장 기술자,공장,스마트,설비,스마트공장,로봇,운용,체험,전기전자공학,통신공학,기계공학,시스템,설치,기술자,컴퓨터공학,설계,대학,검토,협업,설계사,기술규격
직업,10111,핀테크 전문가,핀테크,서비스,고객사,정보기술,금융,운영,기술,뱅킹,에반젤리스트,송금,텔레뱅킹,니즈,금융정보공학,시스템,대출,직면,결제,적용,공개채용,경영정보학
직업,10110,양자 컴퓨팅 기술자,양자,컴퓨터,컴퓨팅,하드웨어,계산,기술자,기술,행사,운용,물리학,대학,소프트웨어,입체,대학원,개발,전자컴퓨터공학,공학자,큐비트슈퍼컴퓨터,큐비트,qubits
직업,10113,지능형 로봇개발자,로봇,지능,인공지능,알고리즘,개발,로봇개발자,로봇공학,이동,개발자,IT,프로젝트,제작,취업,인간,산업알고리즘미래,캡스톤,뇌구조,전산공학,보빌맅,댜양한
직업,10114,우주전파예보관,우주,우주전파,흑점,우주과학,인공위성,태양활동,태양,천문학,관측,전파,신호,예측,해석,데이터,취업,활동,전자전파공학,태양전파,연구조원,천문학태양나사미래
직업,10115,디지털 헬스케어 기기 개발자,헬스케어,디지털,기기,의료,의료기기,개발자,스마트,코딩,개발,참여,시험,인공지능,병원,데이터,동아리,서비스,기술,의료A,의료고령,헬스기기
직업,10116,신소재 개발 연구원,신소재,소재,실험,연구원,재료공학,기업체,연구소,개발,과학,특성,호기심,복합소재,재료공학자,산업재료공학나노,세라믹공학,발명,분자공학,신소재공학,금속공학,세라믹
직업,10117,인공지능 엔지니어,인공지능,데이터,모델,수학,알고리즘,엔지니어,학습,통계학,AI,예측,로봇,기반,응용소프트웨어개발자,응용소프트웨어학,카이오,인공지능연구원,인공지능학,채용시험,기술전문,학습모델
직업,10118,데이터 라벨러,데이터,라벨러,라벨,인공지능,라벨링,표식,플랫폼,입력,작업,자동차,사물,학습,수집,마우스,재택근무,박스,짜증,크라우드웍스,네모,초보자
직업,10112,스마트공장 기술자,공장,스마트,설비,스마트공장,로봇,운용,체험,전기전자공학,통신공학,기계공학,시스템,설치,기술자,컴퓨터공학,설계,대학,검토,협업,설계사,기술규격
직업,10111,핀테크 전문가,핀테크,서비스,고객사,정보기술,금융,운영,기술,뱅킹,에반젤리스트,송금,텔레뱅킹,니즈,금융정보공학,시스템,대출,직면,결제,적용,공개채용,경영정보학
직업,10110,양자 컴퓨팅 기술자,양자,컴퓨터,컴퓨팅,하드웨어,계산,기술자,기술,행사,운용,물리학,대학,소프트웨어,입체,대학원,개발,전자컴퓨터공학,공학자,큐비트슈퍼컴퓨터,큐비트,qubits
직업,10109,나노공학 기술자,나노기술,나노공학,기술자,나노,나노소자,소자,개발,단위,바이오,공정,소재,측정,전자,기기,나노미터,나노바이오,경량,나노소재,소형,집적
직업,10108,배터리 기술자,전지,공정,전극,소재,생산,문제,성능,기술자,자동차,평가사,시스템개발자,대학,개선안,스킬,검수,전공,효율,제품,유튜브,전기공학
직업,10107,디스플레이 개발자,디스플레,공정,개발자,장비,온라인,문제점,기술,개선,제조공장,LCD,OLED,공부,제조,LED,상시,평가,대량,회사,가동,유튜브
직업,10102,감성인식기술전문가,감성,인식,인공지능,인공지능전문,가전,Python,로봇공학기술자,대학원,웨어러블,착용,인간,다방면,기술,머신러닝,로봇지능개발,의공학,무인,인문,사고,사용자
직업,10103,개인형 이동수단 개발자,이동,수단,개인,동력,개발자,전기,구성품,이동수단,전기자동차,성품,자동차공학,제어공학,개발,디자인,주의,전기공학,기계장치,설계,대학,기계공학
직업,10104,유전자 재조합 식품 전문가,유전자,식품,생명공학,안전,조합,식품공학,농산물,제조업체,생물체,생명과학,생물,한국잡월드,대학,연구원,관리,식품가공학,대학부설,대학원,수입,화학제품
직업,10105,태양광발전연구 및 개발자,태양광,태양전지,제품,모듈,공정,발전,연구,기계공학,생산,엔지니어,전기,평가사,에너지공학,작업자,전시관,유관,제어공학,실험,효율,재생에너지
직업,10106,스마트팜 운영자,스마트팜,농업,농사,식물,농작물,농장,운영,정보기술,농축산물,농업기술원,운영자,애정,체험프로그램,기술,활용법,기계,재배,정보통신기술,결합,자연친화력
직업,10101,메타버스 크리에이터,아이템,플랫폼,크리에이터,건축물,제작,사용자,구현,전공,판매,카페,가입,고등,자신,내부,구매,모델링,민감,VR,대학,독특
직업,262,기자,기자,취재,수상작,언론사,전형,전공자,기사,사건,정보,언어능력,내용,의학,신문,실시,시험,청소년,채용,방송,정의감,편집기자
직업,1151,종이제품생산직(기계조작),종이,한지,조작,기계,기계조작,상자,견학,제지,손재능,제지가공회사,펄프가공회사,길이,옛날,판지,가방,숙련공,육체,신청,유사,채용
직업,132,철도 및 지하철기관사,철도,운행,기관사,철도박물관,열차,운전면허,지정,체험,운동능력,시험,전달,안전,기차지하철교통수단,본부,기관차,열차승무원,한국철도,전후,지하철공사,코레일
직업,951,행사기획자,행사,축제,팀원,회의,기획,프로그램,계획,대인관계능력,공연기획,광고학,후원자,행사기획,설문조사,의뢰자,광고주,주최,연극영화학,협동,자원봉사,시사회
직업,1,가스ㆍ수도ㆍ전기 계기 검침원 및 안전점검원,가스,에너지,계기,단위,전력,수도,전기,에너지공사,실험키트,전기키트,불량,표면,서류,입력,작동원리,가정,진로체험,전산,구분,제거
직업,380,상담전문가,상담,내담자,상담사,심리검사,학교,어려움,진로,자기성찰능력,정서,심리,감정,프로그램,박사과정,임상심리사,상담심리학,결과,아동학,동아리,멘토,교내
직업,10059,평등관리사무원,평등,다문화,장애인,자기성찰능력,문화,사업주,대우,멘토,출신,사회복지시설,근로자,보장,계층,교육훈련,수업자료,일반인,고용,집단,자신,법학
직업,264,통역가,통역,순차,연설,국제회,외국어,외국,언어능력,국내,활동,전달,별도,연사,혼용,통역사,동반,자원봉사자,멘토,독일어,자원봉사,관공서
직업,1152,가구조립 및 검사원,가구,조립,검사,공구,검사원,수동,제조,손재능,완성제품,부착물,가구업체,가구제조업체,아교,오물,먼지,드라이버,목공방,일치,사업장,장착
직업,133,철도차량정비원,철도,철도박물관,고장,정비,지하철,열차,차량,직무,체험,합격,실시,손재능,지하철공사,기차지하철교통수단,서울,대구,인천,전동차,정비원,한국철도
직업,952,화학공학기술자,화학공학,화학제품,화학,비누,품질,설계,도료,플라스틱,화공,고무,생산,공정,원료,기술,화장품,공장,설비,견학,채용,진로체험
직업,5,일기예보관,기상,일기예보,관측,환경보호,기상현상,기후변화체험관,기상청,기상학,공모전,천문학,자료,발표,분석,주제,특별채용,연수원,기압,전망,상기,기상연구소
직업,383,우편물집배원,우편물,전달,배달,구역,순서,운동능력,오토바,관할,신체,기초체력,표시,차량,지정,담당,약속,이유,진로체험,구분,공고,기록
직업,10060,애견테라피스트,동물,반려동물,자기성찰능력,마음,애견,긴장,자극,손가락,건강,신체,습성,상처,미용실,마사지,살균,미래교육센터,본래,개업,독립,동물병원
직업,265,리포터,리포터,취재,인터뷰,한국어능력시험,방송,라디오,출연,사건,언어능력,신뢰감,지상파방송사,사내방송국,종합유선방송사,표준어,호감,시사,당사자,보도,멘토,시청자
직업,1153,포장원,포장,제품,품질검사,완료,손재능,부호,확인,불량,숫자,수량,조작,유통업체,육체,운반,진로체험,민간기업,구인,여부,선호,공고
직업,137,토목공학기술자,공사,토목공학,터널,설계,일정,도로,측량,전시회,시공,공정,건축,시설,과업,순위,토목환경공학,검토,연관관계,건축자재,교량,건설공학
직업,954,화훼재배기술자,화훼,재배,원예,식물,종자,작물,품종,자연친화력,체험,자연,거름,종류,골프장,노동,진로멘토링,비료,농장,주말농장,토양,육체
직업,6,기상연구원,기상,일기예보,환경보호,대기,관측,기상연구원,기후변화체험관,공모전,자료,기후,정확,분석,주제,해석,지진,기상현상,기상예보,기압,기상관측,기상청
직업,384,성직자,성직자,종교,거행,신부,교리,신학,의식,생활,자기성찰능력,역할,불교학,위로,호소,신앙,양성기관,의례,정신,기독교학,예배,상담자
직업,10061,유전상담사,환자,가족,생명과학,대인관계능력,유전,질환,상담,자료,검사,유전질환,불안,재발,병력,청소년미래지원센터,심리사회,멘토,예후,해소,시민단체,공감
직업,266,드라마작가,드라마작,드라마,작가,시나리오작,문장력,주제,스토리,구상,문학,도움,작품,시놉시스,집필법,동아리,답변,플롯,작법,출연자,데뷔,습작
직업,1154,채소 및 특용작물재배자,채소,특용작물,재배,작물,경작지,특용작물재배,식물,농장,수확,농촌,자연친화력,농업,체험,수도,자연,결정,채소재배,준비,농기계,임대
직업,138,통신공학 기술자 및 연구원,통신공학,기술자,연구원,설계,시설,감독,시공,설비,첨단,광통신연구원,정보통신기기제조업체,위성통신,전화기,부설연구소,통신설비제조업체,컴퓨터네트워크업체,주파수,팩시밀리,무선통신,업무
직업,957,평론가,평론,방송,음악,미술,비평,작품,감상,TV,작성,잡지,문학,영화,신문,연극학,러시아어문학,문예창작,영화학,시사,멘토,기재
직업,8,물리학연구원,물리학,물질,물리학연구원,에너지,자연현상,물리,실험,연구,전기,국립과천과학관,컨설팅회사,의료,합리,지구환경과학,환경조건,관람,관찰,기업부설연구소,정부출연연구소,관계
직업,385,소방관,소방관,화재,소방,진압,소방공무원,인명구조,출동,응급구조학,안전교육,발생,위급,예방,안전,사고,구조,활동,건물,운동능력,체력,봉사활동
직업,10062,학습장애간호사,간호사,간호학,환자,교육기부,치료,자기성찰능력,일상생활,BSN,학사학위특별과정,RN,보건의료원,병원간호사,멘토,학사학위,보호자,사이트,체험프로그램,직무,취직,프로그램
직업,267,번역가,번역,서류,원본,원문,외국,서적,외국어,전공자,작업,문학,서신,매뉴얼,원서,회원,연습,문학작품,확인,문제,계약서,가입
직업,1155,과수작물재배자,과수,수확,작물,경작지,재배,과수작물재배,사과,식물,병충해,농장,농촌,자연친화력,농업,체험,수도,자연,과실,임대,과일,기계장비
직업,139,통신케이블설치 및 수리원,통신선,수리원,연결,전자,전기,기간,정기,통신,손재능,통신업체,선로,전선,다리,수습,통신기술,직업훈련,통신망,전문업체,이상,채용
직업,963,원예기술자,원예,원예작물,품종,재배,식물,원예기술자,식물원,화훼,채소,자연친화력,산책,개체,진로멘토링,주말농장,체험,시도,채용,농업,나무,반복
직업,10,방사선사,방사선,치료,방사선사,의료,검사,의사,방사선학,보고서,촬영,환자,진단,노출,신체,부위,작성,박람회,조작,기록,봉사활동,Resonance
직업,386,언어치료사,언어치료사,언어치료,언어장애,환자,치료,원인,증상,재활,진단,소개,대인관계능력,준비과정,퍼즐,어휘력,언어치료학,실어증,지체,조음장애,언어재활,언어
직업,10063,사설탐정,수사,범죄,조사,교통사고,정보,대인관계능력,미아,소유자,용의자,특정인,증인,사이버범죄,소송,침해,훼손,사망,법정,사기,기업회계,탐지
직업,268,사서,도서관,사서,이용자,자료,대출,열람,문헌정보,자격,도서,분류,대인관계능력,관련학,검색,배치,취득,졸업,이수,대학교,반납,학교
직업,1156,조림 영림 및 벌목원,벌목,나무,식물원,자연,자연친화력,식물,산책,농업계고등,병충해,방제,감시,손질,가지,작업,참여,산림조합,임업,임업기계훈련원,임업시험장,국유림관리소
직업,140,통신장비기사,설치,수리원,장비,통신선,참관,확인,박람회,운용,통신,장치,손재능,선로,팩시밀리,전화기,공업계고등,수동,레이더,연락,신체능력,분리
직업,966,안무가,안무,무용,고안,공연,스토리,연습,신체,운동능력,동작,표현,음악,무용수,무용학원,백댄서,멘토,인내,무용단,감동,의지,사설
직업,13,생물학연구원,생물,생명공학,생명체,연구,해부,생물학연구원,기원,농업,실험,실험실,생물학,의학,발달,자연법칙,표본,동아리,생활방식,생명현상,유전학,환경
직업,388,여행안내원,여행,관광지,여행안내원,가이드,관광통역안내사,가족,외국인,안내,대상,관광,이후,계획,국내외,자격증,대인관계능력,여행지,여행크리에이터,국내여행안내사,환전,택시
직업,10064,범죄과학수사관,범죄,범죄과학수사관,증거,추리,메모리,수집,분석,현장,지문,증거자료,멘토,다수,법원,복구,구성,과정,문서,법학,논리력,자료
직업,269,정치학연구원,정치,정당,정치학,의회,정치제,연구,국제사회,기타,자문,학위,잡지,대응,신문,분석,자료,당대,요점,단체,구독,합리
직업,1157,원양어부,물고기,바다,그물,자연친화력,종류,소금,대구,미끼,어패,어부,해양생태,수산생물,고기,어업,수족관,수산업,선원,장비,서식,신체능력
직업,142,트럭운전기사,운송,화물,트럭,운전,트럭운전기사,카트,서류,화물자동차,목적지,도로,신속,운동능력,안전,자동차,구비,도착,체험장,자영업,냉각수,화물운송
직업,968,시인,시인,북토크,습작,인생,관찰,참석,표현,소재,자연,주제,문학잡지,신춘문예,등단,문예창작,멘토,답변,당선,공모,감동,접촉
직업,15,수의사,수의사,동물,질병,처방,축산물,진단,생물,치료,시행,관리,예방,검사,어패,개원,육류,해부,우유,수의학,국립수의과학검역원,동아리
직업,390,신호원 및 수송원,철도,열차,수송,운행,수신호,철도박물관,지정,교통,운동능력,신호,깃발,노선,도시철도공사,광산,정지,기차,신체,우선,확인,관람
직업,10065,야외활동지도사,야외활동,지도,대인관계능력,안전시설,워크숍,모임,레저스포츠,축제,개최,섭외,안내,사교,리더십,행사,설치,보조,자연,안전,단체,모습
직업,270,성우,성우,연기,목소리,라디오,텔레비전,방송사,전속,공채,대사,영화,배역,녹음,소화,방송,기간,직업,시험,청소년,더빙,스피치
직업,1158,자동조립라인 및 산업용로봇조작원,로봇,자동조립라인,산업,반자동,자동,조작,기계,체험,움직임,작업,견학,손재능,멘토,훈련과정,생산,고양,담당,현장,숙련,소개
직업,143,판금원,절단,제품,공구,제철소,금속박람회,금속,금속재료,가전제품,제작,시청,제조업체,견학,동영상,손재능,철판,보일러설치,광양제철소,당진제철소,주방용품,공작물
직업,973,소설가,소설,북토크,습작,줄거리,등장인물,참석,문학,소재,주제,결정,문학잡지,웹소설,신춘문예,아이디어,멘토,답변,당선,감동,공모,접촉
직업,17,수학연구원,수학,수학연구원,모형,엔지니어링,연구,박물관,이론,확률,전산실,수학자,대수학,암호학,방문,공학,문제,기하학,인턴연구원,연수,도서,연구보조원
직업,391,운동경기심판,경기,심판,운동경기,자격,종료,진행,규칙,선수,취득,상황,운동능력,판단,스포츠,예기,도중,위반,명시,깃발,수신호,중단
직업,10066,스포츠기록분석연구원,경기,기록,수치,스포츠,분석,종목,객관,상대,손재능,데이터,야구,멘토,축구,수영,공간지각,수업자료,기법,선수,전력,특성
직업,271,아나운서,아나운서,방송국,방송,전달,전형,최종,부설,진행,사건,뉴스,언어능력,면담,신뢰감,표준어,호감,종합유선방송사,중계,발성법,운동경기,보도
직업,1255,수질환경연구원,수질오염,수도박물관,수질,정수장,사업체,연구,대책,분석,방지,측정,개선,채용,실험분석,오염방지시설,조사,순환과정,수자원,상수,폐수,관람
직업,144,펄프 및 종이 생산직,종이,펄프,생산직,약품,제지,섬유,한지,입자,비율,견학,배합,원료,나무,식물,일정,물질,손재능,가공,펄프가공회사,제지가공회사
직업,975,사진사,사진사,사진,촬영,카메라,사진관,풍경,인물,예술시각능력,사물,취급소,사진처리원,현미경,멘토,인쇄업체,작동법,필름,인화,순간,포착,현상
직업,19,의료장비기사,의료기기,장비,의료,사용자,박람회,성능,설치,손재능,연구실,의료정보공학,의료정보시스템,관람,교체,의공학,이상,수출입,연구개발,고장,메카트로닉스공학,협의
직업,392,스포츠트레이너,스포츠,선수,스포츠트레이너,운동,코치,부상,운동능력,활동,실시,구단,재활훈련,운동감독,컨디션,신체,동아리,식이요법,마사지,안전교육,운동량,최상
직업,10067,비디오게임디자이너,게임,줄거리,비디오게임디자이너,프로그래머,캐릭터,구체,이야기,디자인,예술시각능력,콘텐츠,시청,제작,롤플레잉,예술분야,아티스트,애니메이터,창의력,다수,재미,개발
직업,272,언어학연구원,언어학,언어,기원,비교연구,변천,단어,연구,다큐멘터리,시청,영화,특정,구조,문장구조,현대어,언어치료,대학교수,고대,박사,진화,해결책
직업,1256,커플매니저,만남,회원,주선,상담,채용,상대,동영상,대인관계능력,학력,이성,고객,용모,각자,상담원,특별,친화력,전제,유지,결혼,장단점
직업,145,재활용 처리 및 소각로 조작원,폐기물,처리,조작원,활용,교실,견학,조작,손재능,채용,구청,환경영향평,군청,일반,산업,사업체,육체,고장,요청,신청,통제
직업,976,사진기자,사진,촬영,보도사진,카메라,사진기자,수상작,기사,사건,예술시각능력,홍보,사진작,사진촬영,작동법,풍경,현상,구도,기법,장면,독자,인물
직업,20,심리학연구원,행동,심리학,인간,심리검사,임상심리,응답,심리,해석,결과,독서,정신,관찰,활동,의학,논리,검사,발달심리학,대학부설연구소,연구,분석
직업,395,유치원교사,유치원교사,유치원,아동,교육활동,토의,유아교육,지도,유아,자격,봉사활동,발표회,가정통신문,부모교육,발송,유아교육학,발달,급식,통솔,진행,멘토
직업,10068,게임감시관 및 조사관,직원,감시,장소,예술시각능력,준수,유원지,고객,도난,경기장,창의력,포착,모니터링,정상,매장,역할,직무,사전,현실,여부,성향
직업,273,역사학연구원,역사,사실,자료,기록,유물,연구,탐구,객관,인식,당대,역사관,한문,원본,보관소,조사,흐름,대학부설연구소,사학,문제,평가
직업,1257,병원코디네이터,병원,병원코디네이터,서비스,직원,환자,전형,고객,수립,상담,개선,이미지,채용,대인관계능력,불만,의료코디네이터,치과병원,의료서비스,평생교육원,양질,차별
직업,147,플라스틱제품제조원,플라스틱,고무,재료,공정,일정,비율,제품,계량,배합,조작,참관,혼합,마무리,기간,박람회,손재능,부착물,주입,합성수지,사출
직업,978,보일러공,보일러,설치,압력,고장,온도,이상,설비,손재능,보일러설치,부속,난방,계기판,원격,설비업체,수위,순찰,본체,확인,수동,구멍
직업,21,안경사,시력,안경,안경광학,고객,콘택트렌즈,교정,안경원,안경테,크기,기구,설명,시청,제조업체,보조,동영상,대인관계능력,검사,치료,검출,검안사
직업,396,음악치료사,음악치료사,음악치료,치료,음악,연주,악기,음악능력,어려움,진단,즉흥,우울증,결과,정신,아동발달센터,악기연주,자원봉사자,연습,멘토,소식,촉진
직업,10069,목소리코치,지도,대인관계능력,연설,목소리,자신감,발음,훈련,대중,사교,소속,발표,프리랜서,상대,대표,타인,문제점,중시,방향,실시,개선
직업,278,카피라이터,카피라이터,광고,문안,상품,시장조사,아이디어,작성,소비자,기획사,제작,채용,근현대,한국광고박물관,광고박물관,광고교육원,코바코,판촉,CF,조사,정보
직업,1259,마술사,공연,카드,기획,학원,무대,도구,연출,기술,직업,수련관,아래,관중,공연기획사,동호회,멘토,무대장치,상자,창의력,관객,체험프로그램
직업,148,항공교통관제사,항공기,착륙,항공우주공학,비상,기상,고도,근무,선호,관제사,관련기관,상승,항공기조종사,파악,비행기조종사,이륙,위치,예정,풍속,배정,확인
직업,985,공업기계설치 및 정비원,기계,설치,고장,정비원,기계설비,수리,장비,박람회,체험,손재능,섬유업체,지역,공사업체,발전상,드라이버,폴리텍,금속공작기계,확인,작동상태,제어시스템
직업,23,약사 및 한약사,약사,조제,의약품,처방전,한약,약국,부작용,업무,보호자,투여,제약회사,환자,생물,제조,화학,의사,근무,연구,상담,질병
직업,397,응급구조사,응급구조사,응급처치,환자,응급환자,이송,응급구조,상황,응급,의사,운동능력,현장,점검,탐색,소생,보건복지부장관,급박,보충,의료용품,신고,소방공무원
직업,10070,무인항공촬영감독,무인,항공,촬영,영상,모니터,촬영감독,실시간,드라마,예술시각능력,영화,동영상,광고,녹화,비행체,멘토,안경,무선,지상,전송,포착
직업,280,가수,가수,노래,녹음,음반,무대,반주,대중음악,콘서트,축제,음악능력,출연,음악,참여,악단,신인,고전음악,대중가요,가요제,텔레비전라디오,청소년문화
직업,1276,파티플래너,파티,계획,축제,음향,가족,무대,구성,예술시각능력,조명,행사기획,이벤트연출,준비,고객,특수효,초청,학급,당일,진행,지인,리스트
직업,149,항공기정비원,항공기,체험,고장,정비,공군,공항,교체,검사,사내,선호,작동,운영,손재능,정비직업훈련원,항공정비창,동체,보급품,부분,기내,분해
직업,988,인문사회계열교수,강의,대학교수,교수,인문사회,임용,통과,수료,시험,자신,교육,취득,수업,학생,박사학위,지도,활동,박사과정,신설,대학,영문학
직업,24,유전공학연구원,유전공학,생명공학,생물,유전자,조합,식물,연구,동물,물질,첨단,유전질환,생명활동,인위,유전공학자,식품제조업체,동아리,치매,기업부설연구소,실험,유익
직업,398,임상심리사,임상심리사,어려움,치료,임상심리,내담자,실시,심리,평가,자격,원인,대인관계능력,인지능력,정신,심리치료,상담기관,경과,건강,취득,공유,신경
직업,10071,동물랭글러,동물,섭외,지시,자연친화력,텔레비전,훈련,영화,조련,강아지,손짓,접촉,목소리,고양,시민단체,투입,표식,소리,프로그램,연기,애완동물
직업,281,개그맨,개그맨,연기,이야기,출연,방송사,공채,프로그램,텔레비전라디오,중단,재치,연기학원,연습,아이디어,멘토,창의력,몸짓,프로듀서,유튜브,회의,극장
직업,1277,건축사,건축,건축물,건축사,설계도면,모형,설계,건축박람회,건물,도면,고려,수도,조형미,전직,관람,빌딩,작성,공간지각,건설업체,주택,사무
직업,150,비행기조종사,비행,조종사,비행기,조종,항공사,항공기,공군사관,비행기조종사,이륙,항공,항로,소정,일정,교육,시뮬레이션,동안,선발,기간,경력,유학
직업,994,환경컨설턴트,환경,환경공학,환경컨설턴트,조직,자연환경,해결책,공공,진단,제시,관리,동아리,토양환경,방침,개발,보전,행위,사전,사업체,규명,도시
직업,25,전문의사,환자,의학,치료,의료,의예,의사,전문의사,장비,의원,처방,기구,특수,진단,봉사활동,질병,예방,의학전문대학원,의과,전임,NGO
직업,400,운동감독,스포츠,선수,경기,운동감독,작전,지도,운동선수,지도자,운동능력,전략,컨디션,당일,스카우트,신체,동아리,멘토,실업,성적,시합,최상
직업,10072,웹툰작가,웹툰,만화,채색,플랫폼,스토리,스케치,완성,예술시각능력,수상,만화창작,만화애니메이션학,포털사이트,블로그,데생,게시판,멘토,아마추어,창의력,콘티,데뷔
직업,283,광고기획자,광고,광고기획자,홍보,광고주,제작,광고회사,소비자,과제,완성,예술시각능력,방향,체험,상품,자료,채용,광고박물관,한국광고박물관,근현대,문안,코바코
직업,1278,행정부고위공무원,부처,공무원,공채,정책,임용,자신,통제,뉴스,기획,시청,신문,조직,시험,독학,지역개발,지방행정,직위,구독,승진,지방정부
직업,151,항공우주공학기술자,항공기,로켓,항공우주공학,비행,인공위성,기술,견학,설계,대학교,채용,물체,여객기,정비직업훈련원,전투기,항공우주,민간항공사,본체,건설기계공학기술자,공기,레이더
직업,995,에너지공학기술자,에너지,광산,에너지공학기술자,광석,추출,설계,조직,엔지니어링회사,부속,폐기물처리,추정,천연가스,지하,지하수,에너지공학,에너지자원공학,에너지공사,실험키트,전기키트,장비
직업,29,지리학연구원,지리,답사,지리학,지표,특정,자연,인문,활동,지역,연구,첨단장비,기상학,국토연구원,동아리,도표,학내외,인턴연구원,경제,발생,현상
직업,401,작업치료사,작업치료사,치료,환자,작업치료,인지,지각,평가,장애,일상생활,훈련,실시,질병,대인관계능력,임상운동학,재활훈련,병력,장애아동센터,의거,의료진,정신
직업,10073,아쿠아리스트,수족관,자연친화력,조성,해양자원학,특이,수산학,습성,관찰,먹이,인공,이상,대형,진로체험,학력,민간기업,학위,특성,졸업,업무,기구
직업,284,간판제작원,디자인,광고주,광고물,재료,설치,스크랩,제작,사진,도면,설계,손재능,광고,아크릴,실외,전선,디자인업체,장원,무늬,도안,부착
직업,1279,헤드헌터,직업상담,추천,연봉,전직,인력,대상자,인터뷰,직무,경영,평가,뉴스,인재,업무,신문,대인관계능력,헤드헌팅,후보자,직업상담사,임원,취업알선
직업,153,화학제품제조원,화학물질,화학제품,기계장치,조작,처리,체험,화학,재료,화장품,손재능,가공,검사,화장품제조업체,견습,세제,가열,대피,손가락,분쇄,세탁
직업,997,토양환경기술자,환경공학,사업체,토양오염,환경,토양,실험분석,오염방지시설,정화,동아리,환경영향평,토양환경,행정기관,감소,관여,보전,환경오염,복원,오염,소질,최소
직업,30,지질학연구원,지질학,지질,지질학연구원,지질박물관,암석,분포,연구,보고서,해석,지질과학탐험실,지질과학교육실,석박사과정,조사,지질과학,동아리,제안,광물,화석,학내외,인턴연구원
직업,403,장례지도사,장례,장례지도사,시신,제사,절차,의식,시청,동영상,대인관계능력,장례식장,거행,준비,업무,수의,취득,화장,용품,매장,유튜브,총괄
직업,10074,범죄심리분석관(프로파일러),범죄,사건,용의자,단서,수사,추론,논리,해결,진술,피의자,조사,범죄자,멘토,증거,수업자료,경찰관,한계,구성,박사,과학
직업,285,광고디자이너,광고디자이너,광고,디자인,광고물,포트폴리오,과제,참여,상품,시각,부문,소비자,그림,공모전,전시회,예술시각능력,방향,제작,이미지,이력서,영상광고
직업,1281,환경영향평가원,환경,영향,사업,환경공학,설정,요인,예측,시설업체,환경전문용역업체,환경오염방지,환경영향평가기술자,지역주민,정부투자기관,하수처리장,중대,정수장,대안,수렴,국립,공간지각
직업,155,바닥재시공원,타일,마무리,카펫,표면,주택,견학,손재능,결정,천장,마루,전시장,표면처리,수직,수평,내장공사업체,배열,알선,의뢰인,바닥,절단
직업,1004,환경설비기술자,환경산업기술전시회,오염물질,설비,장치,폐기물,환경,처리,참석,조작,기록,유입량,하수종말처리장,유입,수도사업소,결과,연구자,쓰레기,개조,폐수,환경산업
직업,31,천문학연구원,천문학,천체,천문대,천문학연구원,별자리,연구,적용,관측,물리학,전자통신연구소,항공우주연구소,은하,시민천문대,결과,항성,망원경,소멸,방문,학내외,관찰
직업,404,전화교환원,연결,통화,전화,고객,호텔,대인관계능력,번호,문의,일반회사,단말기,우선,인명,백화점,협조,상호,안내,내부,요청,성실,채용
직업,10075,다문화코디네이터,다문화가정,다문화,자기성찰능력,대학교,청소년지도학,교육프로그램,정착,사회복지학,시민단체,교육학,프로그램,소개,사교,연계,지역,입학,적응,관리,졸업,사업
직업,286,국악인,국악,연주,가야금,거문고,국악인,판소리,국악기,단체,해금,대금,단원,장구,가사,가곡,편곡,음악능력,국공립,과제,창작,공연
직업,1282,대체에너지개발연구원,에너지,대체에너지개발연구원,키트,연구,개발,변환과정,에너지공학기술자,공해,종류,에너지자원공학,에너지공사,화석,바이오매스,태양광,효율,조력,풍력,재생,태양열,공간지각
직업,157,반도체공학기술자,반도체,반도체공학기술자,전자키트,개발업체,장비,조립,성능,조건,전자제품,시스템,부품,공정,제반,설비,기술,전자,개선,시운전,통신업체,작업원
직업,1006,해양환경기사,해저,해양환경,해양,해양박물관,배출,염분,자원개발업체,퇴적물,해양오염방제,해양개발,수거,정유,해양환경공단,관람,해양과학,중공업,해수,해양산업,공간지각,개발
직업,32,측량사,측량,토지,지리정보,토목공학,절차,각도,도면,계획,계산,측량전문업체,측량기술자,부동산감정평가회사,지적공사,국토지리정보원,물권,민간업체,수자원공사,지도제작업체,지리정보업체,위치
직업,405,주택관리사,아파트,유지,자격,대인관계능력,주차장,공과금,관리,징수,납부,업무,관리사,대행,주민,취득,경비,청소,직원,안전사고,인사,협조
직업,10076,모바일앱개발자,모바일앱개발자,애플리케이션,개발,안드로이드,모바일기기,프로그래밍,모바일,소프트웨어,고객,전문업체,사항,개발자,스마트폰,이용,시청,작동,운영,동영상,최신,OS
직업,288,네일아티스트,네일아티스트,손톱,발톱,미용,네일,부위,고객,시술,건강,이미지,손재능,문양,매니큐어,알코올,관리,광택,소독,수집,미용사,정돈
직업,1431,음악강사,음악,악기,연주,실용음악,노래,음악능력,수강,공연,재즈,피아노학,음악강사,음악학,드럼,가야금,악기연주,해금,클래식,연습,연주회,국악
직업,159,"가구제조,수리원",가구,목공기계,수리원,제작,수선,제조,형태,공구,조립,도면,손재능,가공,기계가공,가구업체,가구제조업체,목공방,일치,상자,접착,제조원
직업,1007,상수도기술자,상수,수질,사업체,수자원,수도박물관,예측,토목,환경공학,공급,시청,수도,검사,수도사업소,하수처리장,지속,관리,정수,수리학,입체,관람
직업,33,치과기공사,치과,치아,제작물,치과의사,모형,교정,재료,완성,작업,장치,제작,대인관계능력,합성수지,치과위생사,석고,주조,확인,장비,의원,인공
직업,406,인문계중등학교교사,중등교사,중학교,중등학교교사,정교사,중등,인문,사범,자격,수업,교육,고등,취득,교과목,합격,교사,자신,생각,봉사활동,상담,교육대학원
직업,10077,SNS 마케터,SNS,판매,상품,소비자,마케팅,채널,반응,대인관계능력,Service,Network,마케팅경영,업무,신문방송학,진로체험,민간기업,설정,분위기,현실,이후,직업전문
직업,291,만화가,만화,이야기,그림,만화축제,콘티,장면,구상,애니메이션,대화,예술시각능력,전개,주제,우스갯거리,풍자,제자,익살,데생,짜임새,부천국제만화축제,창의력
직업,1432,베타테스터,게임,소프트웨어,코딩,출시,문제점,프로그래밍,사용자,컴퓨터,오류,프로그램,모집,모바일,파악,하드웨어,테스트,제품,발견,IT,해결,컴퓨터학
직업,162,식품공학기술자,식품공학기술자,식품,식품공학,생산,관리,가공,안전,검사,제조,포장,조리,성분,여부,소비자,품질,제품,감독,가치,개발,공정
직업,1009,환경위생검사원,작업장,환경공학,위생,공해,음식점,환경,관리,점검,진동,오수,폐기물처리업체,방위산업체,처리,조사,공중보건,방지시설,왜곡,측정기,식품가공업체,동아리
직업,34,치과의사,치아,질환,구강,의학,의료행위,치과의사,증진,의원,진단,얼굴,손상,치료,의료,건강,유지,봉사활동,병원,일반의사,의료인,전문의사
직업,407,직업군인,직업군인,사관,군부대,장교,보호,군인,국가,군사,신체,운동능력,부사관,해군,보좌,남북한,기간산업,공군사관,병사,테러,정찰,수색
직업,10078,국제개발협력전문가,사업,국가,협력,개발도상국,기획,모니터링,국제,사무소,개발,수요,국제개발협력,NGO,관리,멘토,산하,연락,미래교육센터,국제사회,참여,국제기구
직업,293,메이크업아티스트,메이크업,메이크업아티스트,미용,고객,화장,아름다움,아카데미,촬영,사진,손재능,경력,공연업체,신랑,패션쇼,준비,파악,신부,용모,뷰티,화장법
직업,1433,발명가,발명,특허,자신,아이디어,신청,소속,물건,예술시각능력,생각,관련기관,시제품,대상,멘토,설립,관람,창의력,전시관,권리,호기심,교육훈련
직업,163,도축원 및 육류가공원,가축,식용,고기,손질,가공,크기,부위,손재능,육류,직무교육,처리,작업자,돼지,주의력,국립축산과학원,살균,체험활동,도구,매장,현장
직업,1010,방사성폐기물관리원,방사,폐기물,화학,작업장,원자력,물질,처리,화학공학,감독,폐기물처리,작업원,안전관리자,동위원소,동아리,용기,공간지각,참여,취급,운반,논리력
직업,36,통계학연구원,통계학,통계,통계학연구원,결과,수학,현상,의사결정,연구,통계표,통계청,석박사과정,합리,농학,학내외,국책연구소,인턴연구원,수량,연구보조원,정치학,참여
직업,408,직업상담 및 취업알선원,희망,직업상담,직업상담사,직업,상담,여성,정보,일자리,취업,자기성찰능력,청소년,채용,탐색,감정,노동시장,취업알선,노동부,구직,전국,은퇴
직업,10079,창업컨설턴트,창업,업종,고객,점포,수익,비용,업무,단계,대인관계능력,창업경영,본사,프랜차이즈,부동산학,아이템,희망,개업,계획,분석,종목,유행
직업,294,모델,모델,패션모델,사진,자세,표정,오디션,시작,과제,포트폴리오,자신,활동,상품,수도,광고,포즈,피트니스,화가,CF모델,정한,입술
직업,1436,신약개발연구원,의약품,생명공학자,개량,원료,개발,생명공학,제약,생명,박물관,자연법칙,관람,제약회사,연구,진로멘토링,정부출연연구소,직종,비율,연구보조원,분석,이상
직업,164,양장사 및 양복사,양복,양장,치수,의복,바느질,고객,사설학원,재봉틀,숙련,패턴,모형,선호,직업전문,보조,손재능,시침,의상디자이너,원단,재단,상관
직업,1061,국회의원,국회의원,선거,법률,정당,심의,조항,개정,헌법,확정,수정,특정,감정,삭제,의회,민주주,실패,지출,국회,제정,전국
직업,37,한의사,한약재,환자,치료법,의료,전시관,동양,의원,의학,진료,봉사활동,피부,사상,참여,질병,얼굴색,개원,병원,일반의사,전문의사,학사학위
직업,409,직업능력개발훈련교사,직업능력개발훈련교사,직업전문,기술교육,진로지,한국폴리텍,시범,직업훈련원,동아리,법무부,대인관계능력자기성찰능력,평가,부여,실연,수업,여성,학생,협조,훈련,직업,토론
직업,10080,공정무역전문가,개발도상국,생산자,생산,제품,판매,선진국,현지,국제통상학,사회,진행,생산품,문제,수입,구입,비판,논의,소비,논리력,해결,대학교
직업,295,패턴사,패턴,의류,의복,시제품,모형,제작,손재능,셔츠,스커트,의류제조업체,옷감,의류회사,재봉틀,라인,가늠,작업,전문업체,보완,봉제,손재주
직업,1437,스포츠해설가,스포츠,경기,해설,선수,언어능력,동영상,방송,지상파방송사,준비,정보,야구,재치,지인,출신,멘트,축구,수집,시청자,기자,설득력
직업,165,설문조사원,조사,설문조사,백화점,설문지,시장조사,의견,작성,대인관계능력,제시,요점,방송국,청취,연락,업계,대상자,상대방,질문,전화,문서,대기업
직업,1068,마케팅전문가,마케팅,시장,상품,마케팅전문,특정,소비자,전략,자료,결정,경영진,멘토,과학창의재단,경영전략,광고회사,잠재,기획안,논쟁,취향,비용,체험
직업,38,해부학연구원,해부학,해부,동물,생물,용어,생물학,수의학,신체,동아리,연구,정부출연연구소,도서,정상,기초,상호,장시간,구조,논리력,채용,수리
직업,410,초등학교교사,초등,학교,생활지,학생,교육,교사,수업,친구,봉사활동,참여,수업일수,임용고사,초등학교교사,학습평,초등교육,가정통신문,학급,폭력,출제,업무
직업,296,무대감독,무대감독,무대,종사자,연극,무대장치,공연,안전사고,관람,지휘,조정,예술시각능력,채용,소감,공연기획사,멘토,통솔력,출연자,무대연출,스태프,완료
직업,1438,카레이서,경주,차량,경기,카트,시합,운전,공인,경기장,자동차,자료,관람,정비,전략,손재능,모터쇼,주행,중계,운전면허증,레이싱,드라이버
직업,166,세탁원,세탁,다림,기계,가동,의류,제거,조작,손재능,분류,세제,옷감,주름,종류,건조,완료,주의,변형,담당,의뢰,의복
직업,1076,자동차공학기술자,자동차,자동차공학,차량,모형,감독,설계,수리,구성품,차체,제조,자동차회사,제동장치,공정관리,개조,전기자동차,일치,관람,국립,공간지각,교육훈련
직업,39,해양학연구원,해양학,해양,해양박물관,해양환경,생물자원,환경,해양생물,물류체계,해양자원학,해양시스템학,물류시스템,국립수산과학원,해양공학,관람,해양과학,지질학,해수,해양산업,연구,잠재력
직업,411,치과위생사,치과위생사,구강,치아,위생,보건소,치과,치과의사,보조,업무,예방,대인관계능력,검사,치료,의료보험,병원,학교,관리,치과병원,검진,소독
직업,298,무용가,무용,공연,무용단,작품,창작,동작,안무,오디션,자신,과제,표현,감정,정식,창안,한국무용,현대무용,단원,무용학원,신체운동능력,멘토
직업,1439,캐스팅디렉터,드라마,영화,섭외,캐스팅,작품,흥행,상업,배역,등장인물,선정,예술,작업,감독,예술시각능력,시청,전문회사,방송연예,PD,창의력,연극영화
직업,167,소믈리에,레스토,고객,호텔,전문점,주문,요리,음식,참가,추천,견학,대인관계능력,도제,리스트,전문학원,품목,식음료,취향,책임,편안,취급
직업,1078,대형트럭 및 특수차운전원,운전,트럭,대형트럭,차량,대형,운동능력,자가,화물자동차,전후,물류업체,특수차운전원,엔진오일,안전장치,레미콘,냉각수,신체,무리,타이어,공기,장착
직업,40,화학연구원,화학,물질,화학연구원,연구,변화,분석,수리,인과관계,분광학,물리,측정법,분석화학,과학실험,동아리,기업부설연구소,실험,유기화합물,메커니즘,활동,정부기관
직업,412,캐디,골프,경기,선수,골프채,골프장,고객,운반,신체,진행,운동능력,시청,보조,방송,운동기구,세척,용품,계약,배려심,소개,사교
직업,299,문화재보존원,문화재,문화재보존,보존,복원,사찰,승진,박물관,파손,공사,수리,답사,미술관,생각,소장품,학예연구관,학예연구사,훼손,궁궐,멘토,미술학
직업,1440,일반의사,환자,건강,의학,의료,의원,처방,치료,의사,생명,봉사,진단,질병,검사,복지시설,의과,의학전문대학원,예방접종,병원,공중보건,일반의사
직업,169,영양사,영양사,영양,조리,조리사,음식,증진,질병,대인관계능력,급식전문업체,열량,건강증진센터,함유,음식물,건강,사회복지시설,식단,재료,식품학,섭취,담당자
직업,1080,환경공학기술자 및 연구원,환경공학,방지,환경오염,환경,연구원,수립,설계,시설,시설업체,환경전문용역업체,환경오염방지,환경시스템공학,환경보전,토목환경공학,기술직공무원,환경영향평가기술자,공해,환경과학,정화,환경컨설턴트
직업,41,가전제품 설치 및 수리원,가전제품,제품,확인,고객,작동상태,수리원,접수,수리,설치,교체,센터,부위,공구,조립,손재능,전기,시운전,분해,방문,관람
직업,413,특수교사,특수교사,특수교육,특수,교사,장애,정교사,학생,교육,자격,생각,봉사활동,정신,생활지,청각장애,지체,초등,발달장애,임용시험,중학교,시도교육청
직업,301,방송연출가,방송연출,프로듀서,방송,방송사,PD,제작진,지상파,섭외,대본,개설,수업,완성,촬영,예술시각능력,시험,결정,녹화,총지휘,시나리오작,아이디어
직업,1441,작가,작가,창작,소설,연극,시나리오,영화,작품,문학작품,문학,작성,문장력,방송,자료,활동,동작,표현,공모전,생각,감정,주제
직업,171,전통식품제조원,전통식품제조원,식품,조리,음식,전통,김치,제조원,재료,손재능,한과,영농조합,떡제조원,제조,교육기관,식품제조업체,배달,세척,매장,담당,주문
직업,1081,해양공학기술자,해양환경,해양공학기술자,관측,해양박물관,해양,시공,지지,기상관측,오염물,조선해양공학,조사,추적,산업정보,해양구조물,위치,일반기업,건설공사,환경영향평,국립수산과학원,해양환경공단
직업,42,건설공사품질관리원,건축,건설,품질검사,건설자재,지반,토질,노트,건축박람회,실시,시험,건설공사품질관리원,자재,설계,공사,재료,구조물,점검,예방,검사,건설시공
직업,414,판사,재판,법률,변호사,증인,법정,증거,진행,진술,법학전문대학원,채택,법무부,판단,논쟁,검사,사건,여부,절차,일정,방식,구속
직업,303,연기자,연기자,배역,연기력,연기,영화,인물,대본,드라마,잡지,연극,테스트,공연,신인,서류심사,예술원,스카우트,연기학원,암기,캐스팅,연극배우
직업,1541,자연과학연구원,자연과학,연구,모집,천문학,수시,이론,물리학,자연과학연구원,화학연구원,통계학연구원,수학연구원,지질학연구원,계약직,천문학연구원,연구원,지구과학,물리학연구원,수학,국책연구소,논문
직업,172,제과사 및 제빵사,제과제빵,제과사,제빵사,케이크,쿠키,베이커리,프랜차이즈,조리,온도,규모,제품,시간,손재능,과자,제과점,전문기술,숙성,떡제조원,반죽,냉각
직업,1087,전자 부품 및 제품 생산직,전자,부품,삽입,자재,생산직,전기공학,전기,조작원,전자제품,입력,제품,코딩,기계,전자공학,손재능,프로그램,졸업,수령,멘토,확인
직업,46,건축공학기술자,공사,건축,건축물,감독,건축공학기술자,건축사,설계,건축공학,건축박람회,건축학,관리,디자인,모형,시공,현장,기술,안전,건설자재,건축구조,진행
직업,415,프로바둑기사,대회,경기,장시간,운동능력,실력,입단,신체,동아리,기초체력,연수,활동,장단점,해설,보급,일반인,수련,선발,경쟁,기간,교류
직업,304,백댄서(백업댄서),백댄서,가수,안무,백업댄서,음악,노래,자신,지도,방식,수련관,댄서,무용학원,신체운동능력,연습,멘토,댄스,관객,개발,오디션,표현
직업,10001,3D 프린팅 전문가,프린팅,프린터,제품,출력,공방,설계,모델링,컴퓨터,제작,자료,프로그램,일상용품,후처리,프로그래밍언어,미니어처,시제품,코팅,전국,D프린팅,방문
직업,173,조리사 및 주방장,조리사,조리,요리,식료품,식재료,재료,손질,세척,기구,호텔,손재능,검사,급식소,조리학,중식,식품공업,식품조리학,일식,준비,관리
직업,1088,스포츠에이전트,스포츠,선수,스포츠학,체육학,관리,계약,대인관계능력,연봉,에이전트,성사,사회체육학,멘토,시합,운동량,체결,협상,스케줄,구성원,언론,협조
직업,47,타이어 및 고무제품 생산직,고무,타이어,생산직,제품,부품,작업대,제조기기,작업지시서,공장,조작,조립,장치,손재능,제조,생산공정,주름,화합물,압출,화학제품,성형
직업,416,피부관리사,피부,피부관리사,관리,마사지,피부관리실,화장품,고객,얼굴,눈썹,피부과학,유형,비누,천연,손상,미용,회복,방지,자격증,전체,손재능
직업,305,보석디자이너,보석,보석디자이너,디자인,액세서리,탐방,장신구,예술시각능력,자신,채용,가게,원석,세공,다이아몬드,아이디어,창의력,기획전,생활,공예품,제품,평상시
직업,10002,홀로그램 전문가,영화,기술,가상현실,제작업체,전시,공연,콘텐츠,기획사,시스템설계,콘텐츠제작자,본격,영상,서비스,취업,기획,공간지각,오디오,컴퓨터그래픽,시각디자인학,프로그램
직업,174,가축사육자,가축,목장,사육,축산,말산업,조류,번식,동물,청소,자연친화력,낙농업자,방역,가금,예방접종,관리,졸업,농학,농수산,축산학,상처
직업,1089,자연계중등학교교사,중등교사,중등,중등학교교사,정교사,자연,교직과정,중학교,자격,사립,교육,취득,교과목,교사,개설,학생,지도,봉사활동,교육계획,교육대학원,고등학교교사
직업,48,공작기계조작원,공작기계,기계,금속,공작기계조작원,공작물,작업,제조업체,작업지시서,마무리,공정,체험,작동,손재능,금형제작업체,기계가공,한국공기안전,지역,검토,금속공작기계,일반기계
직업,417,학원강사,학원강사,예체능,강의,수강,면허,지도,강사,기술,학원,설명,자격,자격증,자신,IT,교육,시험,학습지방문교사,교육강사,음악강사,학교
직업,306,분장사,분장,메이크업,분장사,인물,화장품,근무,손재능,작품,공연업체,수염,외양,교육기관,방송국,전속,물감,상처,웨딩,출연자,성격,헤어
직업,10003,UX 디자인 컨설턴트,UX,UI,컨설턴트,디자인,사용자,제품,만족,산업디자인,산업,모바일,독특,편리,심리학,예술시각능력,행동,방식,Computer,소비자학,스마트기기,개선안
직업,175,한복사,바느질,제조원,재봉틀,제작,고객,직물,의상,원단,명세서,주문,색상,연습,종류,디자인,실용,완성,도구,이상,선택,손재능
직업,1090,콘크리트공,콘크리트,혼합물,구조물,철근,시멘트,배합,일정,이미지,손재능,철근콘크리트,평탄,펌프,전문공사업체,터널,훈련과정,지하철,교량,관찰,발전소,상하수
직업,49,광원 및 채석원,석재,채굴,광물,장비,박물관,작업,운반,기계,손재능,가공,배관공,지하,석탄,관람,비금속,콘크리트,매장,토목,도로,공사
직업,418,비행기승무원,비행기,승객,비행기승무원,기내,비행,서비스,탑승,안전,확인,항공운항,사항,외국어,물품,안내,회화,여부,항공사,직업전문,국내,대인관계능력
직업,309,비디오저널리스트(VJ),영상,편집,촬영,기획,취재,방송,카메라,제작,채용,뉴스,예술시각능력,주제,계약직,외주,상식,시사,현안,멘토,창의력,색깔
직업,10004,도시 재생 전문가,도시,도시재생,재생,마을,주민,사례,운영,대학,포털,방문,도시계획학,지방정부,토목공학,도시공학,수집,건축공학,공간지각,도시계획,주요,건설업체
직업,176,선장 및 항해사,항해사,항해,선박,선장,기관사,응시,자격시험,지휘,해양,운항,승무원,화물,기후,운전,안전,어선,갑판,승선,감독,거리
직업,1092,GIS전문가,코딩,데이터베이스,프로그래밍,모바일,사용자,구조,수자원공사,측량기술자,민간업체,부동산감정평가회사,지구시스템과학,지적공사,지리정보업체,지도제작업체,국토공간,국토지리정보원,측량전문업체,데이터,지구환경과학,지리정보
직업,50,제화원,화원,구두,수선,가죽,수선원,제품,가방,재료,제조,생산,모형,이용,손재능,의류제조업체,주문서,부착,접착제,재단,접착,재봉틀
직업,419,홍보도우미,상품,홍보,행사,서비스,안내,응답,고객,설명,특징,제품,게임,소개,대인관계능력,시설,관람객,시음,판촉,배포,모터쇼,도우미
직업,310,사진작가,사진,사진작,구도,촬영,거리,각도,초점,카메라,장소,배치,선정,신문사,예술시각능력,조명,잡지사,이벤트업체,사진관,현상소,보도사진,웨딩업체
직업,10005,스마트 도시 전문가,도시,스마트,하수,통신,정보,폐기물,교통,에너지,솔루션,도시지역계획학,소비량,연구원,포털,방문,도시계획학,도시공학,수집,공간지각,민간,계획
직업,177,푸드스타일리스트,푸드스타일리스트,요리,메뉴,소품,잡지,식기,레스토,조리,분위기,참가,구성,예술시각능력,연출,자료,프로그램,영농조합,코너,CF,세팅,조사
직업,1093,가상현실전문가,가상현실전문,가상현실,시공간,소프트웨어개발,가상,사용자,개발,실제,소프트웨어개발자,멘토,유망,교육훈련,디자인,수업자료,기획안,기술,산업현장,컴퓨터그래픽,논리력,수리
직업,52,금속가공장치조작원,금속가공,제련,금속,기계,조정,금속가공장치조작원,기기,자동,박람회,작업,조작,작동,장치,손재능,제강,제강업체,한국공기안전,가열,불순물,생산시스템
직업,421,스포츠강사,스포츠,스포츠강사,강사,지도사,동작,생활체육,운동,태권,근육,신체,체육,운동능력,협회,채용,건강관리사,만일,스포츠트레이너,에어로빅,준비과정,탁구
직업,311,사진인화 및 현상관련조작원,인화,현상,사진,조작,장비,체험,손재능,가공,사진처리원,컬러,코팅,보강,투명,인쇄업체,강좌,필름,화학제품,작업,기계,구입
직업,10006,곤충 음식 개발자·조리사,식용,음식,조리사,개발자,식품,판매,손재능,식품조리학,제조공장,전문점,음식점,조리법,조리과학,메뉴,도구,구입,조리,요리,감수성,특성
직업,178,쇼핑호스트,쇼핑호스트,상품,방송,쇼핑,판매,제품,스피치,진행,우대,촉진,시청자,특성,발음,소비자,설명,전달,매출,MC,소개자료,리포터
직업,1096,웹프로듀서,웹프로듀서,웹사이트,기획자,이후,시청,구축,자료,전산실,갱신,멀티미디어학,정보보호법,개정,시스템통합,인터넷,멘토,SI,웹개발자,컴퓨터바이러스,크래킹,사이트
직업,53,금속공학기술자,금속,금속공학,주형,합금,금속공학기술자,금속산업대전,제조회사,공정,조형,박람회,계획,설비,설계,가공,제강,금속산업,장단기,기계공업,제조,금속제품
직업,426,택시운전기사,운전,택시,차량,카트,자동차,이상,응시,도로,교통,신속,운동능력,안전,트럭운전기사,자가,운전면허,대형트럭,주차,점이,특수차운전원,체험장
직업,313,성악가,성악,음악,오케스트라,합창단,노래,국공립,합창,반주,교향악단,관현악단,오페라,음색,사립,악보,음악능력,단체,채용,소속,공연,동영상
직업,10007,정밀 농업기술자,정밀,농업,농업기술자,농사,농업박람회,농장,작물,자연,자연친화력,보호,식물자원학,농업기술센터,대한민국,농업기술,연구직,농학,농업인,농민,마찬가지,효율
직업,179,체형관리사,체형관리사,운동,다이어트,식이요법,고객,체형관리,체중,피부,프로그램,선호,균형,자격증,손재능,비만,스포츠지도사,헬스클럽,관리,졸업,피부관리사,영양사
직업,1097,프로게이머,대회,게임,컴퓨터게임,게임소프트웨어,입상,참가,손재능,신분,롤플레잉,영향,연습,동아리,출시,공인,인정,공간지각,현상,활동,팀원,조작
직업,54,금형원,금형,공작기계,금형원,금형설계,금속,가공,치수,작업,부품,체험,제작,손재능,농업기계,작업대,다듬질,금형제작업체,측정기,설비업체,대량,표시
직업,427,웨딩플래너,결혼,웨딩플래너,고객,준비,웨딩,예약,상담,학력,예식,대신,구입,예산,비용,계획,가족,조건,행사,사진,상품,대인관계능력
직업,314,스턴트맨,연기,대신,순발력,드라마,훈련,영화,액션,연기학원,직전,창의력,수영,무술,리더,운동신경,상황,위기,분장,오디션,장면,배역
직업,10008,스마트 팜 구축가,스마트팜,가축,농업,작물,농업박람회,정보통신,체험관,기술,구축,자연친화력,동향,스마트,이산화탄소,농림수산식품교육문화정보원,감지기,대한민국,청년,사과,방문,돼지
직업,180,바리스타,커피,바리스타,추출,기계,우유,전문점,축제,작동,소개,손재능,시음,배경지식,고객,첨가,행사장,지인,철저,관공서,감별,식기
직업,1100,군무원,군무원,잡지,대인관계능력,직업윤리,군부대,공무,구독,정신,공무원,군인,업무,관람,국방부,국방,무기,이익,직무,응시,문서,배려심
직업,56,기계공학 기술자ㆍ연구원,기계공학,기계,설비,산업,자동차공학,감독,기술자,고장,업무,시스템,설계,해결,항공기제조회사,자동차제조회사,연구책임자,팀장,생산시스템,견적서,발전설비생산회사,연구원
직업,428,호스피스전문간호사,환자,간호,호스피스,죽음,완화,가족,간호사,경력,병원,의료,정신,참석,의사,박람회,대인관계능력,희생,보건복지부장관,위로,전문간호사,고통
직업,316,플로리스트,장식,화훼,식물,스크랩,감각,예술시각능력,화훼장식,화초,전수,화분,고객,씨앗,행사장,원예학,문화원,창의력,사설,원예,종자,습도
직업,10009,스마트 의류 개발자,의류,스마트,개발자,패션,섬유공학,검색,박람회,손재능,특허,섬유업체,감지,의상학,의류회사,체온,모험,개발,과정,풍요,연구소,의상디자인
직업,182,농업기술자,농업,농업인,재배,농촌,작물,병해충,농업기술자,품질,농작물,농장,관리,보급,자연친화력,육성,식물,발전,체험,농업기술센터,농업경영,곡식
직업,1101,신용관련추심원,신용,회수,고객,금융기관,은행,대인관계능력,채권추심,채권자,납입,신용보증재단,신용회복위원회,채권,요금,고용,사실,전화,법학,구인,현실,상대
직업,57,섬유공학기술자,섬유,섬유제품,섬유공학,소재,화학,공정,합성섬유,섬유공학기술자,화학공학,품질,연구,설계,개선,가공,화학섬유,인과관계,과학실험,방적,동아리,의상학
직업,429,통신엔지니어,통신,제품,네트워크,기술,정보통신,통신엔지니어,최신,개발,통신공학,뉴스,코딩,성능,시청,제조업체,동영상,수리,프로그램,제조개발업체,광통신연구원,광통신연구소
직업,317,연주가,연주,음악,악기,연주회,오케스트라,국공립,반주,교향악단,관현악단,기악,사립,악보,합창단,음악능력,단체,채용,관람,정기,공연,예술중고등
직업,10010,원격진료 코디네이터,환자,서비스,의료,의학,코디네이터,의료정보,의료기관,진료,정보,병원,정보통신기술,애플리케이션,수집,참석,기획,박람회,상담,대인관계능력,의료진,주어
직업,183,곡식작물재배자,재배,농작물,수확,곡식,농촌,작물,곡식작물재배,소유,체험,자연친화력,농업,계획,식물,경작,거름,탈곡,특용작물재배,영농,준비,약제
직업,1102,장학사,장학사,교육공무원,학교,교사,교육청,작성,평가,참여,보고서,생각,봉사활동,교육,프로그램,학습자,교육행정사무원,주기,중등교사,관찰,사안,보고
직업,58,냉동기사,냉동,습도,고장,창고,식품,온도,공장,조작,기계,진단,견학,손재능,가공,수리,분사기,보충,사항,방출,분해,설비업체
직업,430,네트워크엔지니어,네트워크,마련,네트워크엔지니어,하드웨어,시스템,장비,소프트웨어,유지보수,웹진,연구개발,엔지니어,구축,설계,전산망,처리,데이터,구독,졸업,통신망설계운영기술,정보통신망
직업,318,악기제조원,악기,악기제조원,제조,조율,소리,피아노,음악능력,요청,제작,시청,동영상,우쿨렐레,대리점,고객,작업명세서,바이올린,과정,이상,숙련공,센터
직업,10011,노년 플래너,노인복지,노후,사회복지,플래너,노인복지시설,행복,상담,노인,조언,자기성찰능력,타인,노후생활,상속,전문병원,유산,죽음,건강,상담사,가족관계,건강상태
직업,186,동물조련사,동물,조련,훈련,동물원,애완동물,자연친화력,사육,공연,수도,오물,소독약,애견,진출,축산학,간격,수의사,인명구조,동물자원학,먹이,수의
직업,1103,교육학연구원,교육,교육학연구원,연구,토론,봉사활동,학교,합리,동아리,선진,부처,당면,실연,혁신,논쟁,내용,생각,설득,부설,논리력언어능력,우리나라
직업,59,녹음기사,녹음기사,녹음,음향,수록,촬영,조작,음악능력,소리,방송사,대사,편집,음악,프로그램,프로덕션사,일관,방송제작,음원,음향제작,확인,방송영상
직업,431,데이터베이스관리자,데이터베이스,데이터,손실,시스템,관리,입력,자료,사용자,빅데이터,코딩,대학교,정리,시스템엔지니어,권한,전산시스템,데이터마이너,프로그래밍,시스템통합,정보처리학,연습
직업,319,반려동물미용사,애완동물,미용,강아지,고양,청결,주위,동물,모양,자연친화력,경력,고객,목욕,발톱,습성,사후,특징,커트,특색,가위,작업장
직업,10012,헬스 케어 컨설턴트,케어,건강관리,관리,병원,컨설턴트,개인,스포츠,운동,의학,질병,대인관계능력,시설,치료,청소년미래지원센터,건강관리사,고객,의료,한국폴리텍,의료코디네이터,사회복지시설
직업,187,양식원,해양생태,양식장,양식,수산생물,먹이,조개,물고기,수확,생물,바다,숙련,자연친화력,설치,보조,질병,치료,어류,수산양식,물속,성장
직업,1104,철학연구원,철학,사상,인접,도덕,문화,연구,논리,서적,사물,철학자,문제,서술,전제,동서양,근원,석박사,학문,종교,자신,사이
직업,61,대기환경기술자,대기오염,환경보호,지표,대기과학,방지시설,미세먼지,대기환경기술자,사업체,자연친화력,공모전,연구,측정,장치,황사,오존,환경과학,상기,대기환경,환경영향평,확인
직업,435,정보보호전문가,정보보호전문,정보보호,컴퓨터바이러스,보안,정보시스템,크래킹,코딩,바이러스,담당자,해킹,컴퓨터프로그램,설득,자료,정보,접근,대비,보호,시청,IT,컴퓨터공학
직업,320,연극연출가,연극,연기자,작품,희곡,배역,연기,극단,협의,무대,예술시각능력,연출,주제,종합,입단,무대감독,멘토,창의력,스텝,연극영화,관객
직업,10013,노인 전문 간호사,노인,간호사,간호,요양원,건강상태,건강관리,병원,간호학,교육과정,질환,진행,가족,설명,이수,실무,수립,교육,질병,예방,대인관계능력
직업,189,연근해 어부 및 해녀,어부,바다,물고기,조개,수산생물,어업,선원,수영,수산,자연친화력,해양,경력,물속,미끼,그물,소금,실무경력,서식지,해양생태,승선
직업,1105,행정학연구원,행정학,행정,연구,뉴스,과제,시청,체계,신문,해결,중재,구독,합리,조세,이해관계,대안,주요,경찰,연구보조원,석박사,참여
직업,63,도배원,건축,작업,체험,손재능,지물포,전문공사업체,수거,인테리어업체,내장공사업체,부착,구멍,바닥,중앙,구인,구조물,제거,공고,직업전문,도면,측정
직업,440,시스템엔지니어,시스템엔지니어,정보시스템,시스템,코딩,처리,사항,소프트웨어,모바일,개발,부서,시청,컴퓨터공학,운영,자료,대학교,사양,정보통신학,프로그래밍,데이터,정보
직업,321,연예인매니저,연예인,스케줄,출연,출연료,연예기획사,협상,홍보,일정,방송,계약,운전,연예,관리,담당,대인관계능력,방식,재목,진출,개그맨,업무
직업,10014,의료 기기 개발 전문가,기기,의료,개발,의료기기,관리,수립,과학기술,의료봉사활동,전략,참여,운영,ray,Resonance,Magnetic,Imaging,자기공명영상,의용공학,병원,MRI,국가기관
직업,190,유제품제조원,유제품,우유,제조,제조기기,식품,배합,가공,손재능,학력,낙농업자,운전면허증,치즈,낙농,버터,농가,목장,식품가공업체,작업자,식품가공,고졸
직업,1106,학습지방문교사,회원,학습지,가정,수업,일정,시간,봉사활동,교육,성취동기,학습지방문교사,방문,진행,동아리,배정,보호자,대인관계능력자기성찰능력,실연,동안,약속,협의
직업,64,도자기제조원,도자기,공예,가마,비엔날레,점토,탐방,전시,디자인,실용,예술시각능력,제작,공예학,현대예술,유약,멘토,도자기공예,창의력,기획전,재료,감각
직업,441,애니메이터,애니메이션,애니메이터,이야기,작업,만화축제,캐릭터,만화,학력,등장,그림,편집,예술시각능력,전개,작품,장식물,애니메이션기획자,질감,더빙,성우,짜임새
직업,322,영화감독,영화,영화감독,촬영,제작진,제작,결정,영화제,잡지,연출,관람,지도,예술시각능력,작품,종료,단편영화,출품작,다큐멘터리영화제,개시,조감독,부산국제영화제
직업,10015,스포츠 심리 상담원,스포츠,심리,상담,상담원,운동선수,박사,학위,체육학,석사,선수,취득,심리학,가족,경력,대인관계능력,불안,심리상담,상담학,병원,예방법
직업,192,조경원,조경,식물,나무,장식품,조경기사,조경사,생태공원,수목원,자연친화력,공구,배치,근무,시공,조경시설물,온실,잔디,국립공원,조경계획,정원,공원
직업,1107,안마사,고객,마사지,피로,환자,대인관계능력,헬스클럽,경감,적외선,자외선,병행,조치,교정,안내,육체,지시,근육,의사,소통,기구,이용
직업,65,건물도장원,페인트,도장,표면,장원,건물,구조물,건축,손재능,롤러,오랫동안,건축구조물,분사기,환경조건,당일,지시서,습도,작업,조건,건설회사,지정
직업,443,웹디자이너,웹디자이너,메뉴,웹사이트,화면,웹페이지,웹디자인,디자인,편의,전체,경력,이동,사용자,실무,예술시각능력,세부,동영상,이미지,학력,XML,위계
직업,323,영화기획자,영화,영화기획자,작품,영화제,흥행,잡지,기획안,시나리오,관람,평가,기획,예술,예술시각능력,부산국제영화제,출품작,영화관,다큐멘터리영화제,통과,영화감독,방문
직업,10016,여행 기획자,여행,관광,기획자,국제관광,해외여행,상품,입학,기획,국내,일정,대인관계능력,마케팅,여행상품개발,민간단체,관광통역안내사,문화관광,플래너,안내원,명소,국내여행안내사
직업,193,조경기술자,조경,식물,생태공원,공원,토양,수목원,나무,특성,자격증,주제,방해,조경기사,정부투자기관,조경기술자,국립공원,조경사,환경관리,엔지니어링회사,조경재료,고객
직업,1108,위생사,식품박람회,위생사,참가,소독,식품회사,오염,위생,참석,식품,보건,환경,과정,검사,관할,해충,방위산업체,오염원,오염물,폐기물처리업체,관리
직업,66,로봇연구원,로봇,자동,로봇공학,생산설비,설비,로봇연구원,공장,기계공학,코딩,개발,시청,기계제어,부설연구소,해저자원,제어계측공학,로봇공학기술자,계발,자동제어,제조기술,연구
직업,444,웹마스터,웹사이트,웹마스터,일반기업,오류,쇼핑몰,담당자,관리자,인터넷,해결,채용,관리,사용자,문제,시청,운영,수리,학력,사이버교육운영자,정보보호법,삭제
직업,325,이미지컨설턴트,이미지,고객,매너,화술,화장,창조,스크랩,메이킹,컨설턴트,의복,직업,태도,문제점,예술시각능력,분석,채용,옷차림,화장법,멘토,창의력
직업,10017,해양 레저 전문가,해양,레저,스포츠,관광,체육학,활동,운동능력,자격증,이벤트,운영,수도,시설,구조대,스포츠지도사,문화관광연구원,실외,신체,동아리,외향,취업
직업,195,해양수산기술자,수산물,해양,지도,수산자원,자원개발업체,어류,해양박물관,해양학,기술개발,품질관리,양식,자료,생태,통계,정책,연구,검사,품질기준,경영,관리
직업,1109,서예가,서예,작품,서체,예술시각능력,등단,사회교육원,창의력,한자,입문,개최,느낌,종이,생각,의뢰,문화센터,터득,움직임,형식,본인,독특
직업,68,목공,목공,목공예,목재,도면,공작,목공방,건축,체험,건축물,키트,작업,조립,손재능,마감,마루,방음,칸막,외장,지붕,지역
직업,450,IT컨설턴트,정보시스템,시스템,조언,프로그래밍,컨설팅,산정,개발,IT,IT컨설턴트,컨설턴트,진행,웹사이트,평가,뉴스,코딩,단계,시청,자원,운영,분석
직업,326,인테리어디자이너,인테리어디자이너,인테리어,디자인,계획,실내디자인,건축,내부,장식,공간,협의,건물,색채,예술시각능력,세부,자신,설계,구체,실내건축,상가,미니어처
직업,10018,반려동물 훈련·상담사,반려동물,행동,보호자,동물,훈련,상담사,문제,애완동물,입학,프로그램,상담,교육,대인관계능력,주인,돌봄,잠시,민간단체,견습,관리,신입
직업,198,감정평가사,감정평,감정평가사,부동산,가치,가격,평가,감정,자격증,물건,판정,세금,토지,대상물,자산,경제,기준,선정,요인,최적,도시학
직업,1110,도선사,선박,도선사,해양,항만,구역,안전,합격,항로,수습,조정,시청,시험,동영상,지리정보,체험관,조류,풍속,공간지각능력,탑승,항해
직업,69,목재가공관련조작원,목재,조작,조작원,가공,운전원,기계,견학,장치,손재능,아교,판재,재목,제조,작업명세서,절삭,직업체험,살포,접착,목공,장비
직업,452,정보중개인,정보,검색,고객,정보검색,가공,사항,의뢰,요청,인터넷,학력,뉴스,대인관계능력,전산시스템,데이터마이너,관계자,국회,업무,설립,원천,만남
직업,327,일러스트레이터,일러스트레이터,도안,일러스트레이션,그림,문양,데뷔,일러스트,스타일,문자,디자인,예술시각능력,시장,상품,주제,도제,컴퓨터그래픽스,독학,대상,멘토,출품
직업,10019,디지털 큐레이터,큐레이터,소셜,정보,콘텐츠,사용자,디지털,인터넷,선별,화면,SNS,등록,배치,기획,가치,예술시각능력,홍보,시청,마케팅,블로그,디지털콘텐츠학
직업,199,검사,검사,사건,검찰청,로스쿨,법률,임용,청구,법원,범죄,증거,수사,선발,합격,판단,체험,기타,형사사건,기소,법학전문대학원,직무수행
직업,1111,지게차운전원,지게차,운전,화물,중장비,기중기,작동법,운반,운동능력,조작,직업전문,탐색,중기정비,브레이크,주행,엔진오일,중기,냉각수,신체,창고,건설기계
직업,70,미장원,시멘트,작업,공구,건물,공사,재료,시공,현장,단계,견학,점검,손재능,평탄,천장,방음,모르타르,준비,제조,부분,두께
직업,457,컴퓨터게임시나리오작가,게임,컴퓨터게임시나리오작,이야기,스토리,시나리오,창의력,문화,채용,주제,게임시나리오,교육기관,비디오게임디자이너,개발사,게임기획자,개발,다방면,역사,스토리텔링,언어능력창의력,구성
직업,328,작곡가,작곡,음악,관현악단,악보,연주,표현,공연,기록,자신,기타,수도,실습곡,작곡법,대중가요,영화음악,미디,광고음악,배경음악,멜로디,멘토
직업,10020,게임 방송 프로듀서,방송,게임,제작,프로듀서,연출,섭외,영상,대회,무대,편집,촬영,예술시각능력,프로그램,총지휘,케이블TV,방송국,방송제작,창의력,스태프,야외
직업,201,상품중개인,경매,유통,농수산물,경매사,가격,시장,상품,도매,공판장,상품중개인,최고,공급,교육과정,판매,대인관계능력,결정,순위,최저,소매상,구매자
직업,1112,선박갑판원,선박,갑판,장비,조선해양문화관,선체,조선소,보수,시설물,운동능력,조작,설치,견학,점검,소모,부식,해운업,항해사,조선회사,신체,업무
직업,72,방수원,시공,작업,재료,체험,건축,손재능,지붕,모르타르,롤러,전문공사업체,코팅,액체,지물포,혼합물,인테리어업체,내장공사업체,접착제,시멘트,바닥,부위
직업,458,컴퓨터그래픽디자이너,컴퓨터그래픽디자이너,컴퓨터그래픽,디자인,특수효,영상,이미지,광고,애니메이션,감각,그림,표현,디자이너,예술시각능력,컴퓨터,영화,게임,상품,제작,공간감각,북디자이너
직업,332,제품디자이너,디자인,수정,포트폴리오,예술시각능력,상품,채용,조형미,디자인학원,북디자이너,GD,우수디자인,이력서,개조,멘토,창의력,공업디자인,점토,감각,가구디자이너,제품디자인
직업,10021,개인미디어 콘텐츠제작자(크리에이터),콘텐츠,미디어,크리에이터,영상,제작,제작자,플랫폼,유튜브,자신,기획,개인,촬영,연출,자료,주제,콘텐츠제작자,Network,디지털콘텐츠학,멘토,채널
직업,202,경영컨설턴트,경영컨설턴트,기업경영,자문,상담,경영지도사,산업공학,소지자,학위,경제학,지도,경영학,진단,프로젝트,분석,자료,컨설팅회사,수주,체험기관,경영,사무관리
직업,1113,방문판매원,상품,고객,판매,대인관계능력,자극,거래조건,구역,서비스,논쟁,담당,물품,사업체,설득,장점,약속,가격,구매,협의,가정,토론
직업,73,섬유제조원,섬유,소모,섬유제품,연사,방적,기계,결합,체험,작동,견학,수리,프로그램,섬유산업,서울,청소년진로센터,혼합물,멘토,공간지각,운전원,조작
직업,459,속기사,속기사,기록,문서,내용,국회,연습,작성,법원,한글,컴퓨터,회의,문자,부호,정직,정확,일반기업,서술,관공서,엑셀,조건
직업,333,조각가,조각,석재,재료,콘크리트,미술,작품,나무,성향,모형,금속,전시회,예술시각능력,왁스,도안,외관,등단,외형,조소,관람,창의력
직업,10022,드론 콘텐츠 전문가,드론,콘텐츠,공연,행사,제작,문화,자료,예술시각능력,과정,무인항공드론,레이싱,무인항공기,멘토,영상,창의력,축구,평생교육기관,테마파크,축제,기획자
직업,203,경제학연구원,경제학,연구,경제,노동,경제학연구원,박사,자료,발표,이후,경제신문,통계,금융,세부,석사,과정,제시,수리,국제경제학,민간연구소,서류심사
직업,1114,상품대여원,대여,상품,고객,종사자,대인관계능력,반납,가게,응대,장난감,일자,요령,논쟁,사무,설득,가격,진로체험,토론,의상,사용법,물건
직업,74,배관원,파이프,부속품,배관설비,배관,용접,교체,부위,건물,직업전문,도면,설비,점검,손재능,건축설비공사업체,누수,배관공,공업계고등,유지보수,노동력,관찰
직업,462,사이버교육운영자,사이버,교육,학생,운영,사이버교육운영자,교사,러닝,기획,온라인,의사소통,콘텐츠,봉사활동,대인관계능력,교육환경,연수원,웹프로듀서,교육공학,인터넷,고객센터,프로그래머
직업,334,조향사,배합,예술시각능력,채용,향수회사,향수,화장품회사,첨가,멘토,창의력,과학창의재단,개발,식품회사,디자인,제품,콘셉트,느낌,체험,원료,생각,장식
직업,10023,문화 콘텐츠 전문가,콘텐츠,문화,문화콘텐츠,애니메이션,캐릭터,제작,제작자,웹툰,개발자,공모전,공연,게임,참여,주제,디지털콘텐츠,문화관광연구원,영화제작사,형태,영상,창의력
직업,205,노무사,노동,인사,법률,고용노동부,공인노무사,대리,분쟁,업무,노무,법령,자문,컨설팅,관리,담당,상담,노동법,중재,소개자료,기업조직,노동조합
직업,1115,주유원,주유,자동차,연료,주입,조작,계산,판매,대인관계능력,컴퓨터클라우드,고객,엔진오일,요금,결원,고용,컴퓨팅,안내,업무,근무,소통,타인
직업,75,조적공,공구,건물,시공,구조물,작업,도면,체험,건축,손재능,기둥,수직,굴뚝,수평,형태,재료,바닥,표시,크기,설계,제작
직업,465,통신망설계운영기술자,통신망,네트워크,안정,코딩,통신기술,통신공학,보안,모바일,장비,품질,제조업체,통신,운영,프로그램,제조개발업체,광측정기,광통신연구소,교육기관,연구개발부서,방화벽
직업,335,지휘자,지휘,음악,지휘자,연주,연주자,지휘법,악기,화음,연주회,관현악단,공연,합창단,음악능력,재능,선정,조화,공부,관악기,현악기,교향악단
직업,10024,해양 에너지 기술자,해양,바다,에너지,해양공학,기술자,자원,조사,존재,개발,설치,해양시스템학,발전설비,해답,체험관,탐구심,조류,에너지자원공학,항해학,전기에너지,산하
직업,206,회계사,회계사,공인회계사,ERP,재무,회계,재무제표,세무,작성,장부,감사,무료,성과,시험,회계법인,업무,과목,합격,보고서,이상,수립
직업,1116,계산원 및 매표원,고객,유원지,금액,수령,식당,상점,극장,가격,서비스,계산,판매,대인관계능력,입출력,단말기,예약,정원,공원,제품,질문,담당
직업,76,보석감정사,보석,보석감정사,가치,감정서,식별,등급,평가,검사,변동,여부,품질,전시회,예술시각능력,시청,동영상,다이아몬드,발부,발행,용액,감정대상물
직업,466,컴퓨터설치·수리원,컴퓨터,설치,수리,스캐너,수리원,고객,설명,고장,장애,사무실,프린터,원인,확인,학력,발생,여부,점검,구조,장치,예방
직업,336,운동선수,운동선수,종목,경기,실업,훈련,운동,규칙,성적,코치,기록,활약,진출,지시,체육,운동능력,체력,감독,학교,스카우트,작전
직업,10025,스마트 그리드 엔지니어,그리드,전기,스마트,전력,전기공사,지능,전기기기,생산,소비,운반,효율,장비,엔지니어,연구소,설비,통신,전기박물관,전기공학기술자,발전장치조작원,지방정부
직업,207,관세사,관세사,관세,관세법,수출,절차,대리,수입,계산,중앙,물품,업무,분류,회계사,이행,개시,통관,관세청,이의신청,신고,무역학
직업,1117,청원경찰,경호,청원경찰,폭력,불법,순찰,도난,사업장,재산,건물,운동능력,스포츠,위반,신체,업무,동아리,치안,인원,경영자,침입,경계
직업,77,건설기계운전원,운전,중기,건설,작업,체험,기계,VR,장비,운동능력,조작,절차,지게차,중장비,기중기,신체,예정,건설기계,작동상태,건설업체,현장
직업,467,의료정보시스템개발자,의료정보시스템,정보시스템,개발,소프트웨어,의료,의료기관,정보,체계,작동,최신,의료기기업체,시스템개발자,지역주민,보건의료정보관리,프로그래밍,고객,졸업,의료정보공학,웹프로그래밍,멘토
직업,337,촬영기사,촬영,촬영기사,카메라,대상,영상,방송캠프,방송연출,장비,예술시각능력,제작,대학교,방송,촬영감독,영상촬영,업로드,프로덕션사,진출,편집기사,인화,필름
직업,10026,기후변화 대응 전문가,기후변화,대응,온실가스,기상학,영향,석사학위,개설,정책,연구소,자연,연구원,수학,환경학,부정,온난,공간지각,현상,미래교육센터,수산물,국책
직업,208,국제무역사무원,무역,수입,수출,국제,계약,영어,작성,국제무역사무원,취급,서류,자료,취업,절차,외국어,정리,종합상사,통관절차,세관,외국어학,경력직
직업,1118,무인경비시스템종사원,경호,보안,감지,이상,출동,경비,기기,신체,상황,운동능력,방지,대처,원인,누출,재발,침입,보고,위기,정상,위급
직업,81,비파괴검사원,검사,기계공학,결함,구조물,산업,음파,탐지,평가,방사선,기계,수립,설비,중화학,결과,물리,액체,국제기계박람회,침투,한국산업대전,준거
직업,469,고객관리시스템(CRM)전문가,고객관리시스템,정보시스템,CRM,코딩,외부,소프트웨어,고객,개발,최신,컴퓨터,프로그래밍,모바일,사용자,시청,채용,의료정보시스템개발,솔루션,마케팅업체,관리,정보
직업,338,출판물기획전문가,출판물,출판물기획전문,출판,섭외,작가,기획,사진,예술시각능력,삽화,집필,수록,멘토,창의력,예술작품,원고,기획안,차별,도서,활동,독자
직업,10027,신재생에너지 전문가,재생에너지,태양광,풍력,연료전지,전기,지열,생산,발전,에너지,이용,설치,시청,동영상,풍력발전,바이오에너지,태양광발전,에너지공학기술자,발전설비,효율,장비
직업,209,국제회의전문가,국제회,회의,컨벤션,진행,기획사,국제회의전문,행사,기획,예산,관광,업무,리더십,전시회,운영,수도,대인관계능력,컨벤션산업,국제행사,후원자,통역사
직업,1119,구두미화원 및 수선원,구두,신발,수선원,수선,고객,손재능,광택,디자인,염색,모양,색상,요청,성실,자세,제거,물질,정신,대상,서비스,조건
직업,83,산업공학기술자,산업공학기술자,자격증,기계,경영,기계공학,사회과학,최적,코딩,산업,시설,원자재,프로그래밍,영향,보건관리,생산공정,한국산업대전,국제기계박람회,연습,관람,생산기술
직업,470,전자상거래전문가,전자상거래,전자상거래전문,코딩,구매,시스템,강좌,판매,마케팅,인터넷,웹사이트,경제,물건,컴퓨터공학,상품,운영,청소년,경제캠프,화폐,고객,교육기관
직업,339,캐릭터디자이너,캐릭터,디자인,창조,아이템,상품,애니메이션,장난감,드로잉북,제작진,연예인,산업디자인,제작사,문구,활용,예술시각능력,특정,채용,사양,팬시,단체
직업,10028,스마트 재난 관리 전문가,재난,재난관리,대응,직종,상황,대비,스마트,시청,소방방재학,관리,IT융합학,공통점,스마트기기,방재,업무,소방관,안전공학,발생,공간지각,개발
직업,211,농수산물중개인,경매,농수산물,가격,물류,구매,농수산,유통,거래,상품,물품,결정,시장,견학,대인관계능력,도시지역,도매,공판장,최저,담보,낙찰자
직업,1120,주차관리원,주차,주차장,차량,안내,대인관계능력,배부,고객,출입,공간,예정,무료,조작,담당,약속,유도,구인,건물,관리,업무,기록
직업,84,산업안전관리원,산업안전,안전,근로자,산업재해,산업안전관리원,안전보건,안전교육,안전공학,보호,산업현장,전기,계획,전시회,생명,기계,사고,건설,점검,질병,원인
직업,474,아이티(IT)기술영업원,IT,제품,고객,서비스,설명,판매,영업,소프트웨어,아이티,웹진,최신,정보,성능,기능,기술,채용,대인관계능력,사업계획서,구독,SI
직업,340,컬러리스트,색채,색상,경향,지각,테스트,예술시각능력,상품,프린트,배색,검토,컬러,완성품,채색,탐구심,창의력,수집,기획,체험활동,배합,산업디자인
직업,10029,블록체인 전문가,블록체인,소프트웨어,민간기업,기술,개발,거래,IT,설계,장부,열람,정보,정보보호학,실물,복제,소프트웨어공학,공간지각,미래교육센터,전자신문,산업공학,사이버
직업,212,도시 및 교통설계전문가,도시,건설회사,협의,계획안,도시계획,지역,확정,도로,업무,문제점,시공,건설,도시설계,도시지역계획학,교통체계,단체,추정,도시공학,상하수,발생
직업,1121,이용사,고객,헤어디자이너,헤어스타일,수염,머리카락,기구,손질,머리,이용,손재능,면도,예식장,전속,형태,비누,커트,가위,외모,헤어,기술
직업,85,상ㆍ하수도 처리장치 조작원,하수,가동상태,상수,공기,점검,조작원,과정,채용,검사,오수,누수,하수종말처리장,유입량,처리,수도박물관,홍보관,정수장,견본,폐수,교육프로그램
직업,475,아이티(IT)교육강사,IT,컴퓨터,코딩,교육강사,아이티,강의,프로그램,강사,프로그래밍,수강,이론,뉴스,모바일,기술,최신,채용,정리,직업능력개발훈련교사,학원강사,성취동기
직업,344,패션디자이너,디자인,의상,패션,견본,드로잉북,유행,패션디자인,사업체,자료,의류,그림,조화,사진,예술시각능력,소재,판매,의상디자이너,가죽,성별,교육기관
직업,10030,디지털 포렌식 수사관,디지털,수사관,증거,범죄,코딩,법정,증명,데이터,확보,논리,자료,검찰청,증거자료,관세청,사이버국방학,프로그래밍,정보,단서,해양경찰청,의심
직업,214,바이어(구매인),상품,공급자,경영,판매,구매,시장동향,바이어,수량,매장,파악,유지,신문,경력,계약조건,경력직,구독,지속,마케팅학,캠프,일자
직업,1122,미용사,헤어스타일,미용,고객,미용실,미용사,머리,헤어디자인,헤어디자이너,손질,연출,얼굴,기구,수도,손재능,왁스,머리카락,매니큐어,파마,예식장,형태
직업,86,생물공학연구원,생명공학,생물,실험,제조업체,연구,개발,물질,자연과학연구원,바이오의약,생물의약품,진출,생명과학연구원,유전공학자,혈액,대학부설,생물학연구원,기업부설연구소,협동,효소,화학제품
직업,476,무선주파수(RF)엔지니어,무선통신,무선주파수,장비,RF,개발,수신기,무선,모듈,장치,구성,엔지니어,성능,시청,동영상,전기,검사,정보통신기기제조업체,전기박물관,통신설비제조업체,컴퓨터네트워크업체
직업,345,패션코디네이터,의상,패션디자인,소품,연출,코디네이션,패션,외모,수료,준비,장신구,액세서리,성격,학원,추천,예술시각능력,잡지사,방향,방송,결정,패션코디네이션
직업,10031,클라우드 시스템 엔지니어,클라우드,시스템,컴퓨터,저장,인터넷,프로그래머,엔지니어,서버,IT,데이터,개발,정보통신,시청,컴퓨터클라우드,리눅스,소프트웨어,고객,인프라,핸드폰,이용자
직업,215,물류관리사,물류,물류산업,물류체계,합리,물류관리사,물류관리,참관,절감,박람회,실행,구축,자문,방안,보관,이동,행사,물류학,국제물류,물류시스템공학,청년
직업,1124,혼례종사원,결혼식장,웨딩플래너,고객,대인관계능력,의자,신랑,예식,카펫,신부,진행,주선,진로멘토링,연주자,연수,질문,보조원,담당,물품,교정,비용
직업,87,석공,석재,조각,건축,손재능,가공,번호,무늬,생활도구,기념품,형태,위치,미술품,선별,알선,예술,전문업체,보조원,지정,손재주,공예
직업,481,교장,학교,교사,교육,행정,경력,초등,중등학교교사,재정,직원,달성,이상,예산,사항,교감,감독,자격,자격증,활동,일정,기타
직업,346,편집기사,영상편집,편집,영상,대본,편집기사,방송,분위기,방송캠프,전형,순서,예술시각능력,영화,참여,작품,영상촬영,업로드,검토,방송영상,방송아카데미,필기시험
직업,10032,빅 데이터 전문가,데이터,분석,시스템,시각,저장,정보,부서,소프트웨어,포털,단기,멘토,수집,실시간,공간지각,대량,수업자료,산업공학,기술,유행,도움
직업,217,보험계리인,보험,산정,위험,교육문화센터,생명보험,보험료,통계,금융보험,보험회사,계산,고려,수학,평가,통계학,시험,센터체험,손해보험회사,방문교육,금리,보험상품
직업,1125,선박 및 열차객실승무원,승무원,선박,승객,열차,열차승무원,구직,열차객실승무원,등록,코레일,한국해양수산연수원,직업체험,소정,객실,음료,편의,식사,참여,대인관계능력,프로그램,노선
직업,88,석유화학기술자,운전원,화학공학,플랜트,석유화학,천연가스,생산,석유,압력,기계장치,조작원,온도,기록,조절,설비,시간,과정,계기판,석유정제,제어장치,수위
직업,539,소음진동기술자,진동,소음,환경공학,자연친화력,장비,측정,채용,검사,방지시설,왜곡,컨설팅업체,건축공학기술자,해소,감소,직업훈련,분석,기계,현장,해결책,오염
직업,347,악기수리원 및 조율사,조율,악기,수리,대리점,음색,음악능력,취직,연습,파손,결함,부위,작업,음악,동영상,우쿨렐레,피아노학,악기제조원,음향제작,확인,음정
직업,10033,크라우드 펀딩 전문가,자금,다수,금융,투자,금융자산,중개,운용,리스크,매니저,모의,보험사,회계감사,소셜,투자자,규제,채권,환율,노하우,조달,재산
직업,219,부동산중개인,부동산,중개,계약,매매,성립,법률,공인중개사,컨설팅,대인관계능력,서명,조항,고객,개수,손해,단서,업무,일시,경매,기재,주선
직업,1126,치어리더,안무,관중,댄스,유도,신체,운동능력,구단,동아리,이름,경기장,특색,활동,노래,취향,고안,경기,선수,채용,선호,친구
직업,90,조선공학기술자,선박,해양구조물,조선공학기술자,조선해양문화관,조선공학,선박설계,조선소,설계,설치,견학,채용,기계연구소,유관기관,조선업체,채굴,환경조건,해저자원,관람,공간지각능력,연구
직업,592,크레인 및 호이스트운전원,화물,확인,운반,VR,이동,운동능력,중간,재료,작업,자재,신체,조종,위치,신호,소재,관련업체,중기정비,회전,상승,철강회사
직업,348,학예사(큐레이터),학예사,큐레이터,박물관,미술관,관람객,작품,소장품,미술,채용,관람,전시,안목,예술시각능력,자격증,자료,프로그램,진위,예술학,연구직,훼손
직업,10034,사이버 평판 관리자,평판,사이버,관리자,미디어,만족,대응,내용,홍보,자료,대인관계능력,마케팅,악성,창작자,소셜,멘토,공인,프랜차이즈,브랜드,감시,위기
직업,222,생활설계사,금융보험,고객,보험,교육문화센터,보험상품,생명보험,가입,보험회사,설명,상담,교육,상품,대인관계능력,성별,보험계약법,보험료,납입,발송,센터체험,방문교육
직업,1127,접객원,호텔,고객,레스토,음식,음료,주문,서비스,추천,대인관계능력,제시,정리,현장체험,접시,준비,용모,테이블,호텔리어,전문대,정돈,그릇
직업,92,선박정비원,정비,선박정비원,고장,선박,확인,조선소,견학,수리,다큐멘터리,부품,시청,점검,손재능,검사,보급품,조선업체,마모,철판,부분,파이프
직업,626,여행상품개발원,여행,상품,여행지,여행상품개발,발급,기획,상담,사무,고객,개발,관광,여행사,계획,채용,대인관계능력,편의시설,총감독,여행크리에이터,호텔경영학,명소
직업,349,화가,화가,작품,그림,미술,서양화,드로잉북,개인전,회화,미술관,포트폴리오,공모전,전시회,실력,예술시각능력,자신,삽화,수채,정물화,인물화,연필
직업,10035,사물 인터넷 전문가,사물,인터넷,편리,서비스,안전,정보통신,가치,개발,컴퓨터,시청,판매,공간,업무,활용,멘토,프로그래머,모험,고졸,소프트웨어공학,공유
직업,223,선물중개인,선물,거래,파생상품,옵션,통화,중개,국제,시장,상품,가격,경제,한국거래소,금리,신용분석사,자산관리사,원자재,권유,홍보관,거래조건,투자자
직업,1128,주방보조원,조리,음식,조리사,요리,식품박람회,음식점,주방,호텔,레스토,지시,참가,기구,식품,손재능,음식물,매뉴얼,학교,쓰레기,식재료,과일
직업,97,시멘트제조원,시멘트,제조업체,명세서,석회석,제조,조작,분말,재료,배합,장치,기계장치,혼합,기계,견학,손재능,석고,완성제품,레미콘,분쇄,실업
직업,740,귀금속 및 보석세공원,보석,귀금속,세공,원석,가공,탐방,미술관,디자인,금속,예술시각능력,소재,시청,훈련,동영상,제작,검사,불순물,특성,생산업체,보석디자이너
직업,352,가사도우미,가정,청소,세탁,가사,정돈,정리,요리,대인관계능력,공과금,우편물,여성인력개발센터,납부,사설,구성원,조건,고용,취직,배려심,의복,경험
직업,10036,생체 인식 전문가,인식,생체,지문,얼굴,개발,본인,융합,시스템,장치,서명,스캐너,치안,확인,공간지각,기술,석박사,제스처,실수,관리자,컴퓨터
직업,224,세무사,세무사,세무,과세,이의신청,세금,작성,실무교육,대신,현실,자격,공시,세무직,대보험,처리,징수,심판,원천,대행,가입,취득
직업,1129,요리배달원,배달,음식,오토바,고객,채용,장소,운동능력,자동차,물리,수거,신체,음식점,요금,그릇,차량,공개,주문,포장,요리,운전
직업,98,신경회로망연구원,전자공학,신경회로망연구원,응용기술,연구소,인간,키트,로봇,조립,통신,전자,프로그램,인공지능전문,로봇제어,퍼즐,대학부설,산하,연구,공간지각,전자기기,컴퓨터
직업,795,호텔지배인,호텔,고객,객실,업무,사항,호텔리어,예약,서비스,관리,처리,감독,실무,경험,운영,대인관계능력,매출,식음료서비스,프론트,종사원,경영
직업,353,간병인,환자,간호,간병인,음식,이동,배려,대인관계능력,정신장애,체크,도우미,간병,호흡수,병원,목욕,경과,체온,치매,맥박,산후조리원,보호자
직업,10037,생물 정보 분석가,생물,정보,생물학,분석,데이터,유전자,화학,생화학,도구,연구,개발,컴퓨터,조직,자료,바이오에너지,생명공학자,연구자,언어,멘토,출발
직업,226,손해사정사,손해사정사,손해사정,보험금,손해,보상,조사,금융보험학,보험,청구,자료,협상,자격,사고,법학,확인,수집,발생,보고서,판단,공정
직업,1130,건설견적원,입찰,비용,공사,건축구조물,건설견적원,견적서,건축박람회,건축,산출,자재,작성,설비,건설,분석,채용,전기,공사비,금액,건축구조,경쟁업체
직업,100,압연원,금속재료,금속가공,압연,직업훈련원,금속박람회,제철소,가공,고등,제품,견학,장치,손재능,광양제철소,회전,제강업체,당진제철소,제철,현장교육,숙련자,금속산업대전
직업,834,시스템소프트웨어개발자,시스템소프트웨어,시스템소프트웨어개발자,개발,소프트웨어,프로그래밍,성능,컴퓨터,기술,논리력,운영,수리,메카트로닉스공학기술자,의료정보시스템개발,리눅스,윈도우,컴퓨터시스템,소프트웨어개발자,조사,키오스크,모바일앱개발자
직업,354,간호사,간호사,의사,간호학,치료,환자,간호,교육기부,보건교사,전문간호사,진료,처방,대인관계능력,RN,보건의료원,의료기기업체,병원간호사,BSN,학사학위특별과정,응급상황,학교
직업,10038,로봇 윤리학자,로봇,윤리,윤리학,법학,발생,인간,연구,만일,주인,결과,부과,세금,공간지각,개발,가지,추가,목소리,생산,대학교수,도덕
직업,230,시장 및 여론조사전문가,조사,통계,선거,시장,소지자,결과,TV,보고서,시청,특정,상품,통계표,공공정책,사회조사분석사,언론기관,통계청,질문지,마케팅전략,설문조사,사회통계
직업,1131,전통건축원,전통,한옥,건축물,건축,시공,보수,건물,궁궐,사원,설계,나무,손재능,제자,국립,보조원,입직,체험,문화재,기술직,채용
직업,101,영사기사,필름,영화,영화관,영사기,가동,예술시각능력,채용,편집기사,렌즈,수선,재생,신뢰,독립,손상,음향,민감,학력,여부,연결,반응
직업,911,조명기사,조명,무대,공연,색상,장치,영상,방송,움직임,촬영,예술시각능력,연출,설치,영화,제작,작품,결정,이벤트업체,전자키트,무대감독,발전기
직업,355,간호조무사,간호조무사,환자,간호사,의료기관,보조,치료,간호,지시,의사,업무,대인관계능력,투약,호흡수,병원,의료,체온,맥박,소독,취득,살균
직업,10039,드론 전문가,드론,무인,항공기,운항,조종사,조종,개발자,지상,촬영,비행,감시,통제,장비,항공,통신,경주,단속,헬리콥터,반자동,불법
직업,231,신용조사원,신용,채권,의뢰자,대상자,조사,경영,영업,분석,보고서,금융,자료,채권추심,회수,신용회복위원회,신용분석사,신용보증재단,결과,관리,업무,대상
직업,1132,단열원,시공,건물,파이프,보일러,주택,기구,도구,견학,손재능,칸막,하우스,전시장,건축설비공사업체,준비,공사업체,지물포,훈련과정,인테리어업체,내장공사업체,소음
직업,102,용접원,용접,부위,압력,금속공학,검토,입사,기계공학,작업,금속,도면,체험,제조업체,손재능,검사,청소년진로센터,정식,산업설비자동,두께,폴리텍,일반기계
직업,914,영화시나리오작가,영화,주제,작품,시나리오,작가,문장력,웹툰,등장인물,대본,제작,활동,장소,구상,제작업체,드라마,문학,내용,선택,기존,결정
직업,356,청소원,청소,내부,외부,거리,항공기,선박,건물,대인관계능력,기관차,상가,쓰레기,업무,빌딩,공원,필기시험,아파트,세척,신체능력,조건,면접
직업,10040,손실방지전문가,손실,직원,안전,전략,소비자학,직위,산업보안전문,미아,고객,소매업,유지,자금,주의,상점,물품,이상,자산,사고,논리,최소
직업,232,광고 및 홍보전문가,광고,홍보전문,홍보,상품,제작,기획,설득,마케팅,광고사,홍보물,광고물,행사,수립,판매,소비자,언어능력,전략,조직,운영,자료
직업,1133,유리부착원,부착,건축물,절단,디자인,기구,손재능,부분,자영업,의뢰인,알선,완료,보조원,고정,기계,숙련공,지역사회,직업,협의,공구,건물
직업,104,원자력연구원,원자력,에너지,안전,방사선,기초과학,연구,개발,채용,수학,화학,에너지공사,실험키트,발전소,전기키트,공간지각,기술개발,폐기물,논리력,신소재,전력
직업,915,음향기사,음향,녹음기사,녹음,소리,전문업체,장비,영화,음악능력,혼합,채용,영상,제작업체,드라마,감독,연출,자료,학력,삽입,편집실,게임업체
직업,358,경비원,건물,아파트,행동,대인관계능력,불법침입,방문자,출입,수위,도난,소음,접수,수선,화재,위급,사무실,대신,협조,주택,내의,통제
직업,10041,소비생활어드바이저,소비자,상담,조언,상품,불만,의견,동향,대인관계능력,신입,물류시스템공학,상담원,서비스,성격,모니터링,제품,처음,관리자,쇼핑,입장,사교
직업,233,외교관,외교관,외교부,외교,후보자,발급,필기시험,보호,외국어,이익,견학,체험,경제,합격,외국,프로그램,정치,증진,나라,문화,자신
직업,1134,메카트로닉스공학기술자,자동,설비,메카트로닉스공학기술자,공장,메카트로닉스,공정,전자,기계,학위,생산,코딩,연구,현장,수립,기술,석사,경력,자동차제조회사,발전설비생산회사,항공기제조회사
직업,106,유리제품제조원,유리공예,배합,원료,제품,체험,석회석,용해,재료,성형,공예,손재능,숙련자,냉각,멘토,도자기공예,작업,시민단체,적정,문화센터,소개
직업,916,특수효과기술자,특수효,제작업체,그래픽,영화,방송,컴퓨터그래픽,영상,촬영,제작,연출,동영상,컴퓨터,애니메이션,효과,개설,수업,예술시각능력,게임,자료,프로그램
직업,359,경찰관,경찰관,경찰,수사,경찰행정학,시험,범죄,안전,응시,채용,운동능력,국민,예방,경찰서,수사관,범죄과학수사관,복무,범인,단속,사이버범죄,정신
직업,10042,문화여가사,여가,조언,레크리에이션지도자,의미,자기성찰능력,시간,복지시설,레저스포츠학,동호회,퇴직,사설학원,대상,노후,레저스포츠,스포츠시설,레크리에이션,문화,프로그램,레저,사교
직업,234,외환딜러,외환,회계,외환시장,세계정세,매매,경영,시점,경제,금융,변화,한국거래소,경제변동,체크,선물,통용,권고,국제금융시장,파생상품,세계경제,홍보관
직업,1135,공구제조원,공구,금속공작기계,제작,보수,정비,설계,손재능,다듬질,준비,제조,훈련과정,지시서,목공,신체능력,작업,금속재료,조작,기계,숙련,진로체험
직업,107,인공위성개발원,인공위성,인공위성개발원,우주과학관,천문대,기술,성능,개발,도달,기상예보,확률,나로우주센터,우주탐사,망원경,항공우주,방문,별자리,관람,연구,공간지각,업계
직업,917,음반기획자,음반,음악,편곡,작곡,작사,제작,가수,회의,홍보,기획,마케팅,주제,구매자,녹음,방송,음악능력,취직,출연,선정,창작
직업,360,경호원,경호원,경호,위협,출입,행사장,도난,위험,운동능력,보호,대처,불법침입,요원,민간경호업체,특정인,방문자,납치,청원경찰,방어,입수,체포술
직업,10043,개인브랜드매니저,의뢰인,파악,제시,성향,수준,전략,대인관계능력,강점,헤드헌팅,대면,마케팅경영,생애,취업,성격,미래교육센터,부각,처음,구성원,보완,만족
직업,236,자동차영업원,자동차,고객,정비,판매,구매,성사,견학,차량,계약,설득,영업,공장,생산,설명,대인관계능력,옵션,계약조건,시장상황,졸업,경쟁업체
직업,1136,항공기·선박조립 및 검사원,항공기,선박,조립,공구,검사원,설비,정비,자동,부품,손재능,부속품,외장,품질기준,특별채용,탑재,항공정비창,완성품,성품,기중기,하위
직업,108,인쇄기조작원,인쇄,잉크,체험,점검,손재능,프린트,팸플릿,인쇄용지,평판,주유,주문서,기계조작,멘토,인쇄업체,군청,원고,장착,상황,세척,건조
직업,920,애니메이션기획자,애니메이션,애니메이션기획자,제작,만화축제,기획,소재,작품,발굴,제작업체,개발업체,캐릭터,조정,문화,예술시각능력,콘텐츠,전체,자료,주제,결정,애니메이션시나리오작
직업,362,일반공무원,공무원,업무,행정,뉴스,시행,국민,시청,신문,견학,참여,조직,시험,대인관계능력,업무처리,지역,구독,사망,농어촌,발급,출생
직업,10044,개인관리컨설턴트,건강관리,다이어트,고객,상담,대인관계능력,학력,건강관리학,졸업,사회복지기관,사회복지학,처음,이상,대인관계,사교,대학교,조언,균형,범위,대처,시설
학과,309,시각디자인학과,디자인,시각,시각디자인,전달,메시지,습득,그래픽,포트폴리오,색채,응용,범위,컴퓨터,멀티미디어,수도,배양,효과,중심,학과,예술,제품
학과,458,재활학과,재활,장애인,재활학,장애,재활상담,신체,심리,복지,사회,치료실,의료,불편,보건소,적응,요인,의학,증가,정신,영역,제한점
학과,10027,스포츠재활과,스포츠재활,재활,스포츠,장애인,운동,회복,저항운동,재활센터,건강,신체,체육,마음,장애,의학,봉사활동,치료,탄력저항운동,스포츠마사지,관절,재활복지센터
학과,20,건축학과,건축,건축물,건축학,설계,건축설계,시공,예술,건설,행태,활용,연구소,편안,공간,구조,목적,박람회,구성,전시회,문화,회사
학과,10030,문화재보존학과,문화재,보존,문화재보존학,유물,역사,보존처리,미술사,문화유산,문화재보존,연구,파괴,답사,현재,근거,한국,박물관,습득,공부,흐름,기초
학과,10156,패션디자인학과,디자인,패션,패션디자인,패션디자인학,직물,의복,제작소,유명,패턴,감각,포트폴리오,색채,디자이너,함양,이미지,연습,학습,기초,필립,가방디자이너
학과,449,바이오동물과,바이오동물,바이오,실험,실험동물,동물,생물체,생명,바이오산업,신약,의약품,생물학,강조,물질,생물,현상,개발,회사,기초,생명과학시험원,연구센터
학과,340,반려동물과,반려동물,동물,애완동물,간호,질병,선진국,응급,영양소,미용,행동,예방,인간,신체기관,병견,동물간호,동물간호학,애완동물영양학,애완동물훈련,폭풍,소화흡수
학과,245,산림자원학과,산림,자원,산림자원학,환경,임목,등산,산림생태,산림자원,임산물,단체,목재,나무,생태,지속,방안,실험,연구,학과,키키,산림경영학
학과,309,시각디자인학과,디자인,시각,시각디자인,전달,메시지,습득,그래픽,포트폴리오,색채,응용,범위,컴퓨터,멀티미디어,수도,배양,효과,중심,학과,예술,제품
학과,458,재활학과,재활,장애인,재활학,장애,재활상담,신체,심리,복지,사회,치료실,의료,불편,보건소,적응,요인,의학,증가,정신,영역,제한점
학과,10027,스포츠재활과,스포츠재활,재활,스포츠,장애인,운동,회복,저항운동,재활센터,건강,신체,체육,마음,장애,의학,봉사활동,치료,탄력저항운동,스포츠마사지,관절,재활복지센터
학과,20,건축학과,건축,건축물,건축학,설계,건축설계,시공,예술,건설,행태,활용,연구소,편안,공간,구조,목적,박람회,구성,전시회,문화,회사
학과,10030,문화재보존학과,문화재,보존,문화재보존학,유물,역사,보존처리,미술사,문화유산,문화재보존,연구,파괴,답사,현재,근거,한국,박물관,습득,공부,흐름,기초
학과,10156,패션디자인학과,디자인,패션,패션디자인,패션디자인학,직물,의복,제작소,유명,패턴,감각,포트폴리오,색채,디자이너,함양,이미지,연습,학습,기초,필립,가방디자이너
학과,449,바이오동물과,바이오동물,바이오,실험,실험동물,동물,생물체,생명,바이오산업,신약,의약품,생물학,강조,물질,생물,현상,개발,회사,기초,생명과학시험원,연구센터
학과,340,반려동물과,반려동물,동물,애완동물,간호,질병,선진국,응급,영양소,미용,행동,예방,인간,신체기관,병견,동물간호,동물간호학,애완동물영양학,애완동물훈련,폭풍,소화흡수
학과,245,산림자원학과,산림,자원,산림자원학,환경,임목,등산,산림생태,산림자원,임산물,단체,목재,나무,생태,지속,방안,실험,연구,학과,키키,산림경영학
학과,309,시각디자인학과,디자인,시각,시각디자인,전달,메시지,습득,그래픽,포트폴리오,색채,응용,범위,컴퓨터,멀티미디어,수도,배양,효과,중심,학과,예술,제품
학과,458,재활학과,재활,장애인,재활학,장애,재활상담,신체,심리,복지,사회,치료실,의료,불편,보건소,적응,요인,의학,증가,정신,영역,제한점
학과,10027,스포츠재활과,스포츠재활,재활,스포츠,장애인,운동,회복,저항운동,재활센터,건강,신체,체육,마음,장애,의학,봉사활동,치료,탄력저항운동,스포츠마사지,관절,재활복지센터
학과,20,건축학과,건축,건축물,건축학,설계,건축설계,시공,예술,건설,행태,활용,연구소,편안,공간,구조,목적,박람회,구성,전시회,문화,회사
학과,10030,문화재보존학과,문화재,보존,문화재보존학,유물,역사,보존처리,미술사,문화유산,문화재보존,연구,파괴,답사,현재,근거,한국,박물관,습득,공부,흐름,기초
학과,10156,패션디자인학과,디자인,패션,패션디자인,패션디자인학,직물,의복,제작소,유명,패턴,감각,포트폴리오,색채,디자이너,함양,이미지,연습,학습,기초,필립,가방디자이너
학과,449,바이오동물과,바이오동물,바이오,실험,실험동물,동물,생물체,생명,바이오산업,신약,의약품,생물학,강조,물질,생물,현상,개발,회사,기초,생명과학시험원,연구센터
학과,340,반려동물과,반려동물,동물,애완동물,간호,질병,선진국,응급,영양소,미용,행동,예방,인간,신체기관,병견,동물간호,동물간호학,애완동물영양학,애완동물훈련,폭풍,소화흡수
학과,245,산림자원학과,산림,자원,산림자원학,환경,임목,등산,산림생태,산림자원,임산물,단체,목재,나무,생태,지속,방안,실험,연구,학과,키키,산림경영학
학과,309,시각디자인학과,디자인,시각,시각디자인,전달,메시지,습득,그래픽,포트폴리오,색채,응용,범위,컴퓨터,멀티미디어,수도,배양,효과,중심,학과,예술,제품
학과,458,재활학과,재활,장애인,재활학,장애,재활상담,신체,심리,복지,사회,치료실,의료,불편,보건소,적응,요인,의학,증가,정신,영역,제한점
학과,10027,스포츠재활과,스포츠재활,재활,스포츠,장애인,운동,회복,저항운동,재활센터,건강,신체,체육,마음,장애,의학,봉사활동,치료,탄력저항운동,스포츠마사지,관절,재활복지센터
학과,20,건축학과,건축,건축물,건축학,설계,건축설계,시공,예술,건설,행태,활용,연구소,편안,공간,구조,목적,박람회,구성,전시회,문화,회사
학과,10030,문화재보존학과,문화재,보존,문화재보존학,유물,역사,보존처리,미술사,문화유산,문화재보존,연구,파괴,답사,현재,근거,한국,박물관,습득,공부,흐름,기초
학과,10156,패션디자인학과,디자인,패션,패션디자인,패션디자인학,직물,의복,제작소,유명,패턴,감각,포트폴리오,색채,디자이너,함양,이미지,연습,학습,기초,필립,가방디자이너
학과,449,바이오동물과,바이오동물,바이오,실험,실험동물,동물,생물체,생명,바이오산업,신약,의약품,생물학,강조,물질,생물,현상,개발,회사,기초,생명과학시험원,연구센터
학과,340,반려동물과,반려동물,동물,애완동물,간호,질병,선진국,응급,영양소,미용,행동,예방,인간,신체기관,병견,동물간호,동물간호학,애완동물영양학,애완동물훈련,폭풍,소화흡수
학과,245,산림자원학과,산림,자원,산림자원학,환경,임목,등산,산림생태,산림자원,임산물,단체,목재,나무,생태,지속,방안,실험,연구,학과,키키,산림경영학
학과,309,시각디자인학과,디자인,시각,시각디자인,전달,메시지,습득,그래픽,포트폴리오,색채,응용,범위,컴퓨터,멀티미디어,수도,배양,효과,중심,학과,예술,제품
학과,458,재활학과,재활,장애인,재활학,장애,재활상담,신체,심리,복지,사회,치료실,의료,불편,보건소,적응,요인,의학,증가,정신,영역,제한점
학과,10027,스포츠재활과,스포츠재활,재활,스포츠,장애인,운동,회복,저항운동,재활센터,건강,신체,체육,마음,장애,의학,봉사활동,치료,탄력저항운동,스포츠마사지,관절,재활복지센터
학과,20,건축학과,건축,건축물,건축학,설계,건축설계,시공,예술,건설,행태,활용,연구소,편안,공간,구조,목적,박람회,구성,전시회,문화,회사
학과,10030,문화재보존학과,문화재,보존,문화재보존학,유물,역사,보존처리,미술사,문화유산,문화재보존,연구,파괴,답사,현재,근거,한국,박물관,습득,공부,흐름,기초
학과,10156,패션디자인학과,디자인,패션,패션디자인,패션디자인학,직물,의복,제작소,유명,패턴,감각,포트폴리오,색채,디자이너,함양,이미지,연습,학습,기초,필립,가방디자이너
학과,449,바이오동물과,바이오동물,바이오,실험,실험동물,동물,생물체,생명,바이오산업,신약,의약품,생물학,강조,물질,생물,현상,개발,회사,기초,생명과학시험원,연구센터
학과,340,반려동물과,반려동물,동물,애완동물,간호,질병,선진국,응급,영양소,미용,행동,예방,인간,신체기관,병견,동물간호,동물간호학,애완동물영양학,애완동물훈련,폭풍,소화흡수
학과,245,산림자원학과,산림,자원,산림자원학,환경,임목,등산,산림생태,산림자원,임산물,단체,목재,나무,생태,지속,방안,실험,연구,학과,키키,산림경영학
학과,309,시각디자인학과,디자인,시각,시각디자인,전달,메시지,습득,그래픽,포트폴리오,색채,응용,범위,컴퓨터,멀티미디어,수도,배양,효과,중심,학과,예술,제품
학과,458,재활학과,재활,장애인,재활학,장애,재활상담,신체,심리,복지,사회,치료실,의료,불편,보건소,적응,요인,의학,증가,정신,영역,제한점
학과,10027,스포츠재활과,스포츠재활,재활,스포츠,장애인,운동,회복,저항운동,재활센터,건강,신체,체육,마음,장애,의학,봉사활동,치료,탄력저항운동,스포츠마사지,관절,재활복지센터
학과,20,건축학과,건축,건축물,건축학,설계,건축설계,시공,예술,건설,행태,활용,연구소,편안,공간,구조,목적,박람회,구성,전시회,문화,회사
학과,10030,문화재보존학과,문화재,보존,문화재보존학,유물,역사,보존처리,미술사,문화유산,문화재보존,연구,파괴,답사,현재,근거,한국,박물관,습득,공부,흐름,기초
학과,10156,패션디자인학과,디자인,패션,패션디자인,패션디자인학,직물,의복,제작소,유명,패턴,감각,포트폴리오,색채,디자이너,함양,이미지,연습,학습,기초,필립,가방디자이너
학과,449,바이오동물과,바이오동물,바이오,실험,실험동물,동물,생물체,생명,바이오산업,신약,의약품,생물학,강조,물질,생물,현상,개발,회사,기초,생명과학시험원,연구센터
학과,340,반려동물과,반려동물,동물,애완동물,간호,질병,선진국,응급,영양소,미용,행동,예방,인간,신체기관,병견,동물간호,동물간호학,애완동물영양학,애완동물훈련,폭풍,소화흡수
학과,245,산림자원학과,산림,자원,산림자원학,환경,임목,등산,산림생태,산림자원,임산물,단체,목재,나무,생태,지속,방안,실험,연구,학과,키키,산림경영학
학과,309,시각디자인학과,디자인,시각,시각디자인,전달,메시지,습득,그래픽,포트폴리오,색채,응용,범위,컴퓨터,멀티미디어,수도,배양,효과,중심,학과,예술,제품
학과,458,재활학과,재활,장애인,재활학,장애,재활상담,신체,심리,복지,사회,치료실,의료,불편,보건소,적응,요인,의학,증가,정신,영역,제한점
학과,10027,스포츠재활과,스포츠재활,재활,스포츠,장애인,운동,회복,저항운동,재활센터,건강,신체,체육,마음,장애,의학,봉사활동,치료,탄력저항운동,스포츠마사지,관절,재활복지센터
학과,20,건축학과,건축,건축물,건축학,설계,건축설계,시공,예술,건설,행태,활용,연구소,편안,공간,구조,목적,박람회,구성,전시회,문화,회사
학과,10030,문화재보존학과,문화재,보존,문화재보존학,유물,역사,보존처리,미술사,문화유산,문화재보존,연구,파괴,답사,현재,근거,한국,박물관,습득,공부,흐름,기초
학과,10156,패션디자인학과,디자인,패션,패션디자인,패션디자인학,직물,의복,제작소,유명,패턴,감각,포트폴리오,색채,디자이너,함양,이미지,연습,학습,기초,필립,가방디자이너
학과,449,바이오동물과,바이오동물,바이오,실험,실험동물,동물,생물체,생명,바이오산업,신약,의약품,생물학,강조,물질,생물,현상,개발,회사,기초,생명과학시험원,연구센터
학과,340,반려동물과,반려동물,동물,애완동물,간호,질병,선진국,응급,영양소,미용,행동,예방,인간,신체기관,병견,동물간호,동물간호학,애완동물영양학,애완동물훈련,폭풍,소화흡수
학과,245,산림자원학과,산림,자원,산림자원학,환경,임목,등산,산림생태,산림자원,임산물,단체,목재,나무,생태,지속,방안,실험,연구,학과,키키,산림경영학
학과,309,시각디자인학과,디자인,시각,시각디자인,전달,메시지,습득,그래픽,포트폴리오,색채,응용,범위,컴퓨터,멀티미디어,수도,배양,효과,중심,학과,예술,제품
학과,458,재활학과,재활,장애인,재활학,장애,재활상담,신체,심리,복지,사회,치료실,의료,불편,보건소,적응,요인,의학,증가,정신,영역,제한점
학과,10027,스포츠재활과,스포츠재활,재활,스포츠,장애인,운동,회복,저항운동,재활센터,건강,신체,체육,마음,장애,의학,봉사활동,치료,탄력저항운동,스포츠마사지,관절,재활복지센터
학과,20,건축학과,건축,건축물,건축학,설계,건축설계,시공,예술,건설,행태,활용,연구소,편안,공간,구조,목적,박람회,구성,전시회,문화,회사
학과,10030,문화재보존학과,문화재,보존,문화재보존학,유물,역사,보존처리,미술사,문화유산,문화재보존,연구,파괴,답사,현재,근거,한국,박물관,습득,공부,흐름,기초
학과,10156,패션디자인학과,디자인,패션,패션디자인,패션디자인학,직물,의복,제작소,유명,패턴,감각,포트폴리오,색채,디자이너,함양,이미지,연습,학습,기초,필립,가방디자이너
학과,449,바이오동물과,바이오동물,바이오,실험,실험동물,동물,생물체,생명,바이오산업,신약,의약품,생물학,강조,물질,생물,현상,개발,회사,기초,생명과학시험원,연구센터
학과,340,반려동물과,반려동물,동물,애완동물,간호,질병,선진국,응급,영양소,미용,행동,예방,인간,신체기관,병견,동물간호,동물간호학,애완동물영양학,애완동물훈련,폭풍,소화흡수
학과,245,산림자원학과,산림,자원,산림자원학,환경,임목,등산,산림생태,산림자원,임산물,단체,목재,나무,생태,지속,방안,실험,연구,학과,키키,산림경영학
학과,309,시각디자인학과,디자인,시각,시각디자인,전달,메시지,습득,그래픽,포트폴리오,색채,응용,범위,컴퓨터,멀티미디어,수도,배양,효과,중심,학과,예술,제품
학과,458,재활학과,재활,장애인,재활학,장애,재활상담,신체,심리,복지,사회,치료실,의료,불편,보건소,적응,요인,의학,증가,정신,영역,제한점
학과,10027,스포츠재활과,스포츠재활,재활,스포츠,장애인,운동,회복,저항운동,재활센터,건강,신체,체육,마음,장애,의학,봉사활동,치료,탄력저항운동,스포츠마사지,관절,재활복지센터
학과,20,건축학과,건축,건축물,건축학,설계,건축설계,시공,예술,건설,행태,활용,연구소,편안,공간,구조,목적,박람회,구성,전시회,문화,회사
학과,10030,문화재보존학과,문화재,보존,문화재보존학,유물,역사,보존처리,미술사,문화유산,문화재보존,연구,파괴,답사,현재,근거,한국,박물관,습득,공부,흐름,기초
학과,10156,패션디자인학과,디자인,패션,패션디자인,패션디자인학,직물,의복,제작소,유명,패턴,감각,포트폴리오,색채,디자이너,함양,이미지,연습,학습,기초,필립,가방디자이너
학과,449,바이오동물과,바이오동물,바이오,실험,실험동물,동물,생물체,생명,바이오산업,신약,의약품,생물학,강조,물질,생물,현상,개발,회사,기초,생명과학시험원,연구센터
학과,340,반려동물과,반려동물,동물,애완동물,간호,질병,선진국,응급,영양소,미용,행동,예방,인간,신체기관,병견,동물간호,동물간호학,애완동물영양학,애완동물훈련,폭풍,소화흡수
학과,245,산림자원학과,산림,자원,산림자원학,환경,임목,등산,산림생태,산림자원,임산물,단체,목재,나무,생태,지속,방안,실험,연구,학과,키키,산림경영학
학과,309,시각디자인학과,디자인,시각,시각디자인,전달,메시지,습득,그래픽,포트폴리오,색채,응용,범위,컴퓨터,멀티미디어,수도,배양,효과,중심,학과,예술,제품
학과,458,재활학과,재활,장애인,재활학,장애,재활상담,신체,심리,복지,사회,치료실,의료,불편,보건소,적응,요인,의학,증가,정신,영역,제한점
학과,10027,스포츠재활과,스포츠재활,재활,스포츠,장애인,운동,회복,저항운동,재활센터,건강,신체,체육,마음,장애,의학,봉사활동,치료,탄력저항운동,스포츠마사지,관절,재활복지센터
학과,20,건축학과,건축,건축물,건축학,설계,건축설계,시공,예술,건설,행태,활용,연구소,편안,공간,구조,목적,박람회,구성,전시회,문화,회사
학과,10030,문화재보존학과,문화재,보존,문화재보존학,유물,역사,보존처리,미술사,문화유산,문화재보존,연구,파괴,답사,현재,근거,한국,박물관,습득,공부,흐름,기초
학과,10156,패션디자인학과,디자인,패션,패션디자인,패션디자인학,직물,의복,제작소,유명,패턴,감각,포트폴리오,색채,디자이너,함양,이미지,연습,학습,기초,필립,가방디자이너
학과,449,바이오동물과,바이오동물,바이오,실험,실험동물,동물,생물체,생명,바이오산업,신약,의약품,생물학,강조,물질,생물,현상,개발,회사,기초,생명과학시험원,연구센터
학과,340,반려동물과,반려동물,동물,애완동물,간호,질병,선진국,응급,영양소,미용,행동,예방,인간,신체기관,병견,동물간호,동물간호학,애완동물영양학,애완동물훈련,폭풍,소화흡수
학과,245,산림자원학과,산림,자원,산림자원학,환경,임목,등산,산림생태,산림자원,임산물,단체,목재,나무,생태,지속,방안,실험,연구,학과,키키,산림경영학
학과,502,조경과,조경,경관,유지관리,정원,식물,설계,자연,종합,조경학,재료,시공,환경,생활환경,나무,요소,생태,계획,예술,가치,과정
학과,503,조경학과,조경,조경학,공원,조성,식물,조경설계,환경,나무,생태공원,최초,회사,인공,복원,수목원,우리나라,생태,예술,시공,컴퓨터,설계
학과,437,임산공학과,목재,산림,이용,내용,회사,화학,공학,용도,활용,제품,성질,개발,환경,가구,고려,구조,포함,가공,육안,방점
학과,660,환경조각학과,조각,미술,환경,조형,예술,인간,미술관,공공,작품,사회,디스플레,제작업체,자체,디자인,현대,조화,전시회,연구,박물관,회사
학과,49,관현악과,관현악,음악,음색,악기,관악,목관,현악,연주,현악기,화음,레퍼토리,실내악,금관,관악기,조화,예술,경험,금관악기,진정,화성법
학과,622,항공서비스과,항공서비스,서비스,객실,승무원,항공사,항공기,항공,객실서비스,매너,공항,마인드,기사,외국어,호텔,국제,교육,수요,전반,증가,외국여행
학과,10041,경호학과,경호,범죄,경비,경호무,무술,대처,요령,안전,과거,평가,국민,연마,생명,필수,환자,부서,조직,인텔리전트,합기,검찰
학과,613,한국어학과,한국어,한국,문화,언어학,교육,국어학,한반,문학,지도법,다문화,국문학,우리말,외국인,현대,증가,위상,언어,국가,봉사,이론
학과,10043,한국어과,한국어,한국,한국문화,외국인,국제,교육,증가,자부심,한국어능력시험,동포,영어능력,유학,기초회화,한국문화원,한국문학번역원,다문화가정,내외,수필,다문화센터,청취
학과,128,동양화과,동양화,전통,운필,미술관,서체,동양,예술,전시회,박물관,공공,미술,학예연구사,용법,인간관,동양사상,미술행정,서예,수묵,수묵화기법,응용분야
학과,33,공업디자인과,공업디자인,디자인,제품,환경,설계,인간,관계,스마트폰,공모전,산업,자동차,기기,사무용품,호환,주방기기,고급기술,인간공학,활용방법,최종설계,항공우주
학과,386,그래픽디자인과,디자인,그래픽디자인,시각,회사,잡지,색채,매체,그래픽,레이아웃,타이포그래피,웹페이지,지면,사진,인쇄매체,인쇄,문자,배치,효과,수업,오늘날
학과,574,디지털디자인과,디자인,디지털디자인,타이포그래피,예술,디지털,표현,과학기술,시각,시각전달,융합,숫자,방식,시각디자인,회사,문자,기술,감각,도구,캐릭터,색채
학과,339,애니메이션과,애니메이션,만화,제작,그림,모션그래픽,차원,캐릭터,이론,기획력,표현,연속,드로잉,개괄,기획,그래픽,수업,회사,기초,게임,실기
학과,658,환경보건학과,환경,환경보건학,건강,환경오염,유해인자,생명현상,파악,실내,생활환경,대책,화학,실험,평가,참석,인간,관리,조화,주변,측정,분석
학과,439,임상병리과,임상병리,임상병리사,질병,인체,미생물,검사,체액,병원,진단,유전학,대사과정,치료,병리학,의의,세포,센터,화학,의료봉사활동,임상,분석
학과,341,약학부,약학,약사,약제,생물학,유전,치료,건강,구조,의약품,의료봉사활동,대사,학생,국민,성질,제조업체,물질,에너지,질병,분업,약학부
학과,653,환경공학과,환경,환경공학,환경오염,대기오염,보전,폐기물,상하수,도움,처리,주요,근무,자연과학,공모전,기술,물질,녹색,환경분야,일반폐기물처리,환경시스템공학,인위
학과,652,환경공업과,환경,오염,수질오염,폐기물,처리,분자,학습,성질,공모전,생물학,기술,물질,염기,일반폐기물처리,농도,수질관리,하천,환경보전협회,호수,가공공정
학과,606,푸드스타일링과,요리,푸드스타일링,메뉴,음식,식품,테이블,연출,조리,푸드스타일리스트,식문화,그릇,조리사,레스토,영양소,용어,디저트,세팅,자극,서양조리실습,카페
학과,523,지구환경과학과,지구,지구환경과학,바다,환경,지질박물관,해양,지속가능,순환,지질,대기,물리,역학,특성,인류,생명,변화,판구조,염분,지진,지질과학교육실
학과,494,제약공학과,의약품,제약,제약산업,유기화학,약학,계속,생화학,규모,반응,생명,일반생물학,식품첨가물,생물의약품,바이오의약,파급,생물화학,한약사,약사,화장품회사,화학
학과,21016,식량자원학과,작물,식량,생산,식량작물,환경,먹을거리,생명,품종,자세,농업,생명과학,품질,소양,자연,문화사,건강산업,농업행정기관,종묘,생산물,병해충
학과,190,바이오생명정보과,바이오,세포,생명공학,실험,DNA,유전자,분석기기,사용법,응용과학,단백질,바이오산업,회사,기술,수준,생명,교육,구조,실습,분석,자료
학과,21010,미생물학과,미생물,미생물학,회사,세균,바이러스,생명현상,생리,유전,지구,탐구,관찰,생물학,생명,응용분야,시약,주류,바이러스학,책무,병원,국립환경과학원
학과,654,환경과학과,환경과학,환경,환경오염,환경문제,오염,환경보호,학습,평가,정책,공모전,측정,원인,발생원인,환경분야,환경오염물질,비례,오염현상,토양오염,처리,영향
학과,21023,컴퓨터시스템과,컴퓨터시스템,모바일,컴퓨터,시스템,운영체제,프로그래밍,네트워크,회사,개발,소프트웨어,명령어,하드웨어,마이크,코딩,데이터베이스,정보,구현,산업,설계,원리
학과,505,조선공학과,선박,조선,해양,건조,설계,조선공학,해양구조물,선체,유체역학,조선소,습득,성능,추진,기계,개념,산업,견학,첨단,해석,조선해양산업
학과,10117,응용소프트웨어공학과,모바일,소프트웨어,응용소프트웨어,개발,컴퓨터,프로그래밍,회사,응용소프트웨어공학,스마트,게임,통신,시스템,기능,TV,하드웨어,스마트폰,응용,IT,작동,무인자동차
학과,21027,산업공학과,산업공학,시스템,산업,회사,공학,품질경영,생산,재해,운영,효율,문제해결,분석,최적,코딩,경영학,학과,체계,논리,기술,설계
학과,250,산업공학과,시스템,산업공학,공학,회사,운영,재해,산업,경영,최소,합리,기술,효율,융합,코딩,핵심,체계,설계,분석,공과,위계
학과,149,멀티미디어학과,콘텐츠,멀티미디어,제작,멀티미디어학,기획,애니메이션,웹페이지,기술,도서관,이용,회사,영상,정보,편집,구성,캐릭터,공연,스마트,게임,디지털
학과,532,디지털콘텐츠학과,콘텐츠,디지털,기획,제작,게임,영상,디지털콘텐츠,스토리텔링,도서관,개발,회사,실습,애니메이션,현실,스마트폰,캐릭터,이론,모바일프로그래밍,콘솔,Python
학과,568,게임콘텐츠과,게임,컴퓨터게임,게임기획,프로그래밍,제작,시나리오,그래픽,학습,아이디어,장르,구현,개발,회사,전반,게임시나리오,이동통신,프로그래밍기초,스토리보드,설계방법,단점
학과,21,게임공학과,게임,기획,개발,모바일,회사,게임소프트웨어,프로그래밍,게임기획자,제작,PC,시스템,기기,전반,디자인,스마트폰,규칙,컴퓨터,작동,콘솔,기획방법
학과,558,미디어출판과,출판,전자출판,매체,편집,기획,매스미디어,전반,홍보,사회,유통,변화,디지털,마케팅,출판학,book,출판물기획전문,내외,웹소설,공부,Media
학과,148,멀티미디어과,멀티미디어,콘텐츠,사용자,제작,디자인,회사,매체,미디어,소프트웨어,애니메이션,그래픽,인터페이스,편의,도서관,개발,홈페이지,향후,차원,편집,동영상
학과,541,천문학과,우주,천문학,우주과학,천문대,관측,전파연구소,은하,적외선,망원경,자외선,수치,기원,인공위성,개설,항공,계산,운동,물리학,탐구정신,천체역학
학과,322,신문방송학과,신문방송학,방송,저널리즘,언론,미디어,사회,학생,신문,구체,뉴스,윤리,현실,철학,커뮤니케이션,확대,매체,기여,콘텐츠,고려,멀티미디어
학과,246,산업경영과,생산,조직,통제,생산경영,품질경영,원가계산,경영,운영,주요,시스템,의사결정,산업,활동,체계,유통기관,산업회계원론,원가측정,조직효,수요예측,의사전달
학과,10025,e-비즈니스과,비즈니스,전자상거래,마케팅,인터넷,인프라,전략,데이터베이스,구축,시스템,학습,행위,회사,물류,수립,포함,마케팅능력,오프라인,의사결정지원,통신네트워크,정보기술이론
학과,607,품질관리과,품질관리,품질경영,경영,물류관리,생산,제품,산업현장,회계정보,현장,회사,급변,물류,통계학,관리,소비자,품질,학습,개념,생산운영관리,산업정보
학과,69,국어국문학과,국어국문학,한국,문학,음운,한국어,고전,문법,국어학,언어,열풍,국문학,글쓰기,의미,소설,작품,발음,개론,시대,현대,공모전
학과,10154,세무회계학과,세무회계,회계,재무제표,회계정보,재무회계,감사,의사결정,작성,세무,경제,여부,예측,실무,회사,자격증,이슈,복식부기,세무정보,재무상태변동표작성,기업회계정보
학과,70,국제통상학과,국제통상학,국제,상사중재,글로벌,경제,국제무역,국가,교류,무역,자질,소양,나라,회사,증가,이슈,국제마케팅,구속,국제비즈니스맨,상담능력,국제경영학
학과,50,광고기획과,광고,광고기획,홍보,마케팅,대행사,카피,이론,커뮤니케이션,편집,인접,기획,매체,발전과정,뉴미디어,역할,경제,사회,기법,문화,콘텐츠
학과,432,일본어과,일본,일본어,문화,언어,외국어,표현,구사능력,교류,국제,문장,감상,문학,일상생활,체계,선택,습득,작품,세력,일본인,전통문화
학과,456,재료공학과,재료,재료공학,열역학,성질,금속,인공,가공업체,이름,시대,유기화합물,소재,화학,항공기,실험,반도체,바이오,제어,공정,제조업체,구조
학과,351,연극영화과,연극,영화,연극영화,연기,연출,극장,제작,관객,연기자,미학,영역,연예,무대,정기,도모,콘텐츠,실기,직업,연극학,연극배우
학과,493,제과제빵과,제과,제과제빵,제빵,창업,제품,식품,디저트,베이커리,크림,카페,식음료,실습,장식,성분,기초,완성,쿠키,제과점,제과사,커피
학과,318,식품영양학과,식품,가공,성분,식품영양학,식품학,영양학,영양,영양소,건강,인체,물리화학,미생물,원료,기능,소비,화학,생리,저장,파악,생산
학과,646,화장품과,화장품,피부,천연,개발,향수,안전,기초,신소재,화학,기초화학,제조,모발,화학실험,산업분야,요즈음,중소기업기술정보진흥원,연구,인간,메이크업아티스트,한국산업기술시험원
학과,240,사회복지학과,사회복지,사회복지학,평등,실천,자원봉사자,사회,사회문제,지역사회,정의,실현,정책,연구,사회복지정책,소외,공평,편견,국민건강보험공단,사회복지연구소,가족학,인력
학과,10029,항공서비스학과,서비스,항공,객실,항공사,승무원,항공기,항공운항,항공산업,산업,국제,안전,마인드,주요,영어,양성,외국어,전략,교육,실습,상품
학과,10021,작업치료학과,작업치료,작업치료사,환자,작업치료학,치료,아동,증가,노인인구,성인,손상,인지,정신사회작업치료학,복지사회,작업치료학개론,재활서비스,노인요양병원,치료활동,아동작업치료학,뇌졸중,신경계작업치료학
학과,376,외식산업학과,외식산업,외식,음식,서비스업,산업,식품,조리사,선도,영양,서비스,세기,가치,상품,마케팅,유망산업,맛집,푸드스타일,서비스마케팅,식품제조업,조리기술
학과,10024,실내디자인학과,실내,디자인,공간,인테리어,실내디자인,건축,실내건축,영어식,회사,표현,환경,설계,입체,인간,생활,사진,실무,이론,조명,연출
학과,253,산업디자인학과,디자인,제품,산업디자인학,제품디자인,인간,포트폴리오,환경,자신,광고,인간공학,안락,운송기기,아이디어,웨어러블,공업디자인,요소,공예원,생활,제조업,휴대폰
학과,10,간호학과,간호학,간호,질병,간호사,인체,간호문제,환자,아동,의료봉사활동,진단,보건교사,가슴,마음가짐,기본간호학,골반,조산원,성인간호학,대인,성인기,국소해부
학과,582,코디네이션과,패션,코디네이션,트렌드,의상,전문인,스타일링,소재,헤어,메이크업,피부,유행,경향,실질,독창,기법,색채,공연,회사,산업,국제
학과,303,스페인어학과,스페인어,스페인,문화,번역,작문,통역,언어,기준,문학,자격증,경제관계,덕분,순차,지역,사회,사항,연습,과목,통상,초급
학과,352,연극영화학과,영화,연극,연기,연예,연극영화학,희곡,기획사,뮤지컬,양식,방송국,대중,직업,제작사,제작업체,예술,공연,콘텐츠,작품,즉흥,연극관람
학과,10045,예술치료학과,상담,치료,음악,예술치료사,예술치료,음악회,마음,문학,예술,치료실,임상,참석,전시회,의학,미술,심리,음악치료사,모래놀,재활치료센터,발달심리학
학과,423,부사관과,부사관,직업군인,장교,전투,임관,국가안보,추후,국가관,군무원,국방,의의,기초이론,체력,통일문제,동원제,부대,반도,안보상황,병사,북한체제
학과,10146,교양자연과학부,학년,자연과학,확정,학부,전공,수강,과목,적성,세부,선택,수학,전문과정,진급,가늠,전공기초,전공학,예체능,교양과목,상위,학생
학과,10144,교양생활과학부,학년,아동가족학,영양,전공,의류,식품영양학,연관,식품영양,식생활,확정,학부,수강,건강,영역,과목,패션,소비자,식품,생명,세부
학과,333,아동복지학과,아동,아동복지,아동복지학,보육,건전,가족,행복,성장,사회,실제,사회인,성숙,발달,육체,이론,환경,가족상담,사회복지정책,정신,아동교육
학과,226,불어불문학과,프랑스,프랑스어,불어불문학,정치,불어,문화,나라,언어,근대,문학,발음,회화,중심,자격증,구조,FTA,EU,유럽연합,문예사조,사실주
학과,21001,IT융합학과,프로그래밍,회사,IT,모바일,IT융합학,연결,제어,설계,코딩,개발,기술,IT기술,구조,공학,문제,네트워크,응용,컴퓨터,디지털,프로그램
학과,10026,군사학과,군사학,국방,국가안보,군사,국가관,미래,장교,전투,한반,전쟁,노력,개념,의의,배양,능동,확립,국가,겸비,정치,환경
학과,550,청소년지도학과,청소년,상담,청소년지도학,지도자,심리,정책,사회,사회복지,진로,실천,행정,복지,주요,지도,환경,내용,청소년기,재원,청년,내담자
학과,377,외식조리과,요리,조리,소스,음식,외식조리,외식문화,외식업,식품,상차림,제빵,실습,제과,조리법,메뉴,식생활,외식,양식,국민,요인,일식
학과,21020,의료경영학과,보건,의료,강화,용어,민간,경영,양성,동향,현장,개념,산업,조직,공중보건학개론,소유자,현직,의료기관평가인증원,인체해부학,주인의식,미래,병원
학과,332,아동복지과,아동,아동복지,사회복지,영유아,아동복지학,언어,봉사활동,유아,사회복지관,발달,사회,실천,정책,문제점,지도,현장,경험,언어지,지도력,인지발달
학과,45,관광경영과,관광,관광경영,관광산업,관광법규,호텔,테마파크,여행,소질,산업,기업경영,여행사,외국,중심,실무,제반,상품,기획능력,관광자원,카지노,국제관광
학과,644,호텔외식경영과,요리,호텔,업무,외식문화,제빵,제과,외식업체,객실,부서,관광산업,레스토,조리,부문,서비스,식품,외국어,습득,숙성,가금,실습장
학과,643,호텔경영과,호텔경영,호텔,관광,관광산업,여행,서비스,중심,영어,초대장,실무영어,비즈니스영어,휴식공간,호텔업,밀착,관리업무,경영,고객,관광기업,편지,호텔산업
학과,567,컨벤션산업과,컨벤션,컨벤션산업,이벤트,국제회,관광,박람회,전시회,테마,기획,상품,이미지,산업,진행,연계,선정,전시,행사,글로벌,연출,호텔
학과,542,철도경영과,철도,여객,경영,유통,취급,물류,인력,핵심,박물관,구조,예방,전동차,접객,기차,열차객실승무원,물자,기쁨,분배,발생,상황
학과,540,창업경영과,창업경영,경영,창업,사업계획서,경영학,차별,기업경영,사업,프랜차이즈,상권,경영환경,아이템,제고,입지,전략,개척,성공,회계학,교육,작성
학과,10035,중국비즈니스과,중국,중국어,비즈니스,무역통신,세무,문화,진출,학습,집중,시장,관세,기초중국어회화,통관절차,상사분쟁,세법체계,급부상,성장,주역,신용장,무역거래
학과,393,유통경영과,유통관리,유통,데이터베이스,마케팅,유통경,경영활동,비즈니스,유통업체,적응,무대,학습,글로벌,경영학,개념,실제,유통시장,학습과정,유통경로관리,국제무역질서,최종소비자
학과,375,외식산업과,외식산업,식품,요리,외식,기대,경영,원가관리,식음료,서비스,지향,음식,향후,소비자,차원,유통,심리,증가,식품구매,푸드스타일,유망산업
학과,220,부동산과,부동산,정책,과세,토지,부동산세제,금융,중개,자금,국토,흐름,연구,실무,이슈,공업지,주택지,마케팅론,입지컨설팅,입지조건,입지선정,지역분석
학과,143,마케팅경영과,마케팅,마케팅경영,전략,유통경,유통관리,목표,조직,경영,고객,법인,회사,소비자,실행,경영학,함양,수립,활동,시장,유통경로관리,최종소비자
학과,10148,국제경영과,국제경영,글로벌,기업경영,국제경영학,마케팅,수출입,법인,회사,일련,경제,노력,조직,통관,상사중재,경제이론,경영,입수,세계시장,현대자본주,경제행위
학과,22,경영정보과,경영정보,정보기술,경영,정보,회계정보,마케팅,경영정보학,응용,회사,운용,수도,분석,가격결정,진로선택,기업경쟁력,경영정보기술,융합영역,경제학원론,기술보증기금,공부
학과,10143,교양사회과학부,사회학,학년,과목,교육과정,사회조사,사회,조사,사회통계,사회과학,확정,편성,행위,수강,사회현상,역사,중심,통계,설명,학문,과학
학과,639,행정학과,행정학,인사행정,국가,지방자치단체,지방행정,정책,효율,주요,조직,갈등,사회,관리,행정,학생,문제,균형,공공,이슈,경찰서,정치경제
학과,630,해양경찰학과,해양,해양자원,경찰청,수사,경찰,바다,원칙,국제,해양오염방제,경찰업무,형사,보안업체,공공행정연구소,경비업체,중대,공익,방출,품성,지방행정연구소,자치행정연구소
학과,228,비서행정학과,비서,국제,조직관리,형성,당면,조직,경영관리,인간관계,서비스,효율,고도,정보,주요,커뮤니케이션,실력,문화,외국어,개선,직업윤리,현장실무
학과,214,보건행정학과,보건행정학,보건,보건의료,의료,비용,국민,의료서비스,보건행정,양질,진료,전염병,병원,건강,증진,체계,검사,의료기관평가인증원,의료보험,의료관계법규,필연
학과,27,경찰행정학과,경찰행정학,경찰,범죄,경찰관,경찰행정,형사소송법,체포술,수사,업무,신문,증가,경찰학개론,도야,인재양성,체포,소송절차,인사행정,비상구조절차,소송주체,경찰조직
학과,492,정치외교학과,정치,정치외교학,국내외,분쟁,국제사회,국제,국가,현상,이론,국제정치,급변,개념,이슈,정세,정치이론,통일연구원,정치학개론,정치사회,정치과정,투명
학과,181,미디어학과,미디어,콘텐츠,융합,방송,데이타베이스,창의,교육과정,시장,통찰력,메시지,배출,인력,시대,인재,정보통신,세기,주요,예술,소통,매체
학과,243,사회학과,사회학,사회,현상,조사,문화,사회통계,사회구조,문제,분석,통계,학문,신문,기본유형,노사관계,표본추출방법,사회조사분석,노동시장,문화상품,수집자료,지구촌
학과,533,지역개발학과,지역,지역사회,도시,개발,발전,지역개발,계획,인구,상의,농촌,우리나라,분석,실용,경제학,문제,고찰,회사,수립,재화,사회경제
학과,117,도시계획학과,도시,도시계획학,도시계획,계획,국토,인간,사회과학,수립,이슈,국토공간,발생요인,제반문제,개발계획,토지이용계획,계획이론,경제원론,주택정책,업무공간,통용,불량지구
학과,373,국제학부,국제,국제무역,지역,세계,시사점,정책,특화,국제관계,나라,공부,부문,이론,정치,무역,문화,해외,국제개발협력,국제정치경제,남북관계,커리큘럼
학과,10007,국제관계학과,국제관계학,국제,국제법,국제관계,국제정치,현상,통상,나라,협상,국제기구,사이,사건,문제,신문,분석,이슈,조약법,국제정치경제,연원,정치경제
학과,334,아동학과,아동,아동문학,아동학,보육,발달,아동발달,치료,교육,전문인,복지,요인,장애,음악,상담,심리,양육,초등교육,관련분야,사회,아동복지연구소
학과,103,노인복지학과,노인복지,노인,노인복지학,심리,욕구,실천기술,노년기,서비스,사회,사회복지사,충족,정책,양성,상담,프로그램,간병,클라이언트,실효,전문병원,고령친화산업
학과,203,법학과,법학,헌법,사회,사무실,법률,원칙,법원,현행법,형사소송법,국가,이념,상법,이론,제도,해결,해석,법생활,민법,형법학,평석
학과,75,국제법무학과,국제법,법무팀,글로벌,국제,양성,법률,국가,인재,무역,다자간,기본구조,우위,마찰,노사관계,타당,작성기법,법질서,연원,선점,국제조직체
학과,10141,교양경상학부,학년,마케팅,국제경영,확정,재무,수강,과목,경제,금융,사회과학,적극,적용,회사,손익분기점,윤리교육,종합예산편성,평가분석,관리회계,성과평,정보경제학
학과,394,유통학과,유통,유통학,무역,경로,물류,유통기구,상권,항만,유통업체,세계,서비스,국가,무대,상품,측면,마케팅믹스,국제무역질서,국제물류,유통시장,포르투갈어
학과,21009,물류학과,물류,물류학,물류영어,운송서류,물류시스템,국제운송,경제,해운,국내,유통,소비,효율,이동,사례,산업,해외,체계,상품,물류정보시스템,투자정책
학과,72,무역학과,무역학,무역,국가,세계,경제,결정이론,국제금융,환율,무역거래,국제무역,시대,국제통상,발전,회사,이론,부응,요청,영어,해외,국제
학과,662,회계학과,회계,재무회계,회계정보,회계학,경제,재무제표,부채회계,감사,주체,경영의사결정,의사결정,작성,실무,여부,예측,이수,회사,자격증,포함,해결
학과,286,세무학과,세무학,세무회계,금융,세무,회계,세법,세법체계,경제학,재테크,경영학,수치,회계학,본질,회사,학과,상품,측면,광고,개략,금상첨화
학과,83,금융보험학과,금융,보험계약법,금융보험학,위험,회계,관련분야,금융보험,세무학,재테크,회사,수치,재무,금융기관,개괄,경제학,경영학,상품,광고,매커니즘,이자율이론
학과,666,e-비즈니스학과,비즈니스,ERP,무역,시스템,프로세스,구축,CRM,데이터,실무,정보,경영,정보기술,무역실무,학습,향상,응용,물류,회계,인력,기술
학과,344,언론홍보학과,PR,언론홍보학,언론,광고기획,방송,매체,커뮤니케이션,대중매체,SNS,연구,방송국,인터넷,미디어,뉴스,사회,소통,이론,개념,기여,신문
학과,54,광고홍보학과,광고홍보학,광고,커뮤니케이션,광고대행사,뉴미디어,메시지,인터넷,기획,마음,홍보,콘텐츠,영화,이벤트,마케팅,배급사,전략이론,홍보대행사,광고매체,홍보팀,간접
학과,46,관광경영학과,관광,관광산업,관광자원,굴뚝,관광지,호텔,산업,법규,여가,수업,통계,문화,구체,카지노,문화생활,그랜드코리아레저,제반사항,유입,평가방법,초청
학과,10157,호텔경영학과,호텔,호텔경영학,관광,여행,호텔경영,서비스,관광산업,경영,재무,필수,문화,해외,조직,마케팅,밀착,그랜드코리아레저,휴식공간,경영과학,호텔리어,호텔산업
학과,247,산업경영학과,의사결정,조직,통제,경영,원가계산,생산,감정평가사,산업,운영,활동,국가,주요,문제,자격증,체계,원가측정,원가개념,산업회계원론,유통기관,보험사
학과,304,스포츠마케팅학과,스포츠,마케팅,산업,시장,인식,경영,인지,법률,수단,현장,조직,이미지,공급자,공공정책,한국체육산업개발,참여자,이해능력,스포츠마케팅,대중매체,마케팅전문
학과,221,부동산학과,부동산,부동산학,과세,토지,개방,부동산세제,정책,자본시장,경제,중개,시장,자금,흐름,국가,건전,금융,연구,기초,국제,교육과정
학과,208,벤처창업학과,경영,벤처,중소기업,경영학,창업,차별,마케팅,기업형태,기업제,중소,기초,기업환경,초점,성공,개념,기업경영,과목,회계학,토대,의사결정
학과,10139,경영정보학과,경영,경영정보학,정보기술,경쟁우위,경영정보,경영학,기업환경,정보,응용,재무,기업경영,효율,분석,확보,시스템,핵심,전략,수도,결정이론,기업형태
학과,107,농업경제학과,농업,농업경제학,농산물,농촌,농민,농업경영,유통,이론,가축,작물,경제,국가,과제,경제학,발전,사회과학,환경자원,농업경제,경제이론,복지증진
학과,25,경제학과,경제학,경제,국민소득,공부,선택,자원,행동,한정,소비,이론,국가,회사,거시경제학,발전방향,자원배분,사회경제,경쟁자,상호교류,경영,국가경제
학과,361,영상콘텐츠과,영상,콘텐츠,영상콘텐츠,촬영,제작,편집,미디어,후반,영상매체,연출,멀티미디어,방송,방송국,기획,드라마,표현,회사,단계,영화,교육
학과,362,영상제작과,영상제작,카메라,방송,영상,제작,촬영,특성,문장,편집,부품,세부,연출,장치,영상물등급위원회,언어,정확,방송연출,제작과정,영상편집,성격
학과,10008,만화창작과,만화,만화창작,그림,제작회사,표현,웹툰,이야기,애니메이션,드로잉북,일러스트레이션,콘텐츠,게임,스타일,스토리,독창,인체,연출,작품,창작자,영상산업
학과,566,커뮤니케이션디자인학과,디자인,미디어,커뮤니케이션,색채,전시회,스튜디오,디지털,메시지,제작,멀티미디어,전달,첨단,광고,디자인업체,양산,팸플릿,멀티미디어디자인,선배,미디,게임업체
학과,360,미디어영상학과,영상,편집,애니메이션,콘텐츠,영상매체,촬영,영화,조형,미디어,삼차원,제작,예술,극장,방송국,제작업체,기획,그래픽,연출,멀티미디어,디지털
학과,172,물류시스템공학과,물류,물류정보시스템,운송서류,물류시스템공학,국제운송,국내,해외,수송,기술,효율,이동,자동,정도,시스템,코딩,유통,계산,마트,항공운송,물류문제
학과,23,경영학과,경영,경영학,조직,달성,재무,기업경영,추세,학문,회사,함양,마케팅,마케팅믹스,관리,경영과학,마케팅전략,마케팅관리,생산활동,계량분석,보상,팀워크
학과,10150,디지털디자인학과,디자인,디지털디자인학,디지털,과학기술,예술,콘텐츠,융합,광고,포토샵,모바일,창의,학습,편집,구현,회사,사고,포스트,예술장르,컨텐츠,디지털디자인
학과,629,항해학과,선박,항해학,항해,해양,안전,해역,도선사,레이더,계기,운항,항만,바다,관리,전공,대처,시진,심의,당황,운항실습,선장
학과,631,해양공학과,해양,선박,바다,해양공학,유체,해양환경,지구,개요,환경,천연물,생리활성,해양생물,LPG,해저자원,해양안전심판원,한국조선기자재,LNG,조선공학기술자,운반선,항만공사
학과,10149,디자인학과,디자인,패션디자인,산업기기,제품,시각디자인,회사,경쟁력,포트폴리오,실기,디지털디자인학,형태개념,공예디자인학,공업디자인학,광고디자인학,특성,시각,산업디자인학,학습,조형감각,시각디자이너
학과,634,해양시스템학과,해양,해양시스템학,분포,수중,해수,해양환경,변동,조사,음향,플랜트,선박,통신,전자,자원,물리현상,LNG,LPG,한국조선기자재,해양안전심판원,조선공학기술자
학과,10006,가정교육과,가정,주거,영양학,학습,의류학,교수법,아동학,교육,서양,조리,발달,아동,영양소,교과목,실천,주변,이론,과학,교수,실습
학과,8,가족복지과,사회복지,실천,가족,가족복지,복지,사회,이론,강화,서비스,기초지식,통합,접근,기능,돌봄,가족문제,복지사회,생활주기,기본단위,시각,노인요양센터
학과,9,간호과,간호,약물,지역사회,성인간호학,간호학,환자,간호사,질병,의료,의료봉사활동,임상,토대,가족,개인,증진,진단,해결,간호문제,조산원,간호중재법
학과,12,건강관리과,건강,건강관리,보건교육,스포츠,현대인,운동,건강증진,의무실,관리,정신,스트레스,영양소,사회,인체,재활,기록,시설,생활습관,관련법,노인보건
학과,11,건강관리학과,운동,스포츠,건강관리학,의학,운동처방,인체,신체활동,체중조절,신체조성,재활의학,건강,육계,호흡순환,기능,운동생리학,트레이닝,골격,신경,예방,종목
학과,21002,건설공학교육과,토목,건축,건설,건설공학,공학,공업,교사,교과교육학,학습,재료,화공,교육,항만,교육학,섬유,도로,교과,고등,포트폴리오,이론
학과,16,건설정보과,시공,건설,설계,건설구조물,침투,측량학,도면,토목,회사,측량,공사,공구,관리방법,건축물,제도,설비,습득,유량측정,관수,강수
학과,17,건축공학과,건축,건축물,건축공학,재료,시공,건축설계,건축구조,건축계획,부재,공학,설계,PC,회사,포괄,용도,주변,전시회,도움,연구소,건설
학과,18,건축과,건축,건축물,구조물,시설물,계획이론,개략,구조역학,예술,인식,변형,양식,설계,시대,디자인,시공,환경,기존,구조,건설견적원,건설구조물
학과,21003,건축설비과,설비,건축,건축설비,건설,설계,시공,건물,건축물,도면,작성,회사,건축박람회,설치,공구,제작업체,사무소,구조,안전,난방,급배수
학과,24,경영회계정보과,회계,회계정보,재무회계,생산관리,함양,재무제표,세무,통제,창출,유능,의사결정,경영학,개념,이슈,채권자,기본과정,중소기업은행,전문직업인,총무,한국산업은행
학과,26,경찰행정과,범죄,수사,경찰행정,경찰행정학,경찰,현행법,사범,단련,해석,행정,이론,형법총론,마약,형사사법,경찰업무,호실술,도야,미수,공범,경찰조직
학과,28,경호스포츠과,경호,범죄,경비,안전관리,안전,수법,부서,도시,보호,활동,조직,공권력,인텔리전트,경호실무,검찰,경호무,특공대,광역,첨단기계,야외활동
학과,29,고고학과,고고학,유적,유물,문화재,역사,국사,급증,인류,정체,한국,사회,문화,기원,사료,과거,추세,연구,시간,시설,문서실
학과,30,고분자공학과,고분자,분자,재료,가공,분자재료,고분자화학,회사,화학,페인트,공학,타이어,구조,고무,우주선,물질,섬유,신소재,항공기,실험,원리
학과,21004,공간연출과,연출,공연,무대,무대미술,공간연출,음향,공연예술,조명,기획,예술,음악,연극,상연,제약,무대장치,잡지,희곡,연출자,극장,무용
학과,34,공업디자인학과,디자인,산업디자인,산업,공업디자인학,산업기기,제품,디지털,형태개념,발전과정,프로세스,표현기법,학습,경쟁력,확립,우수,특성,포트폴리오,로봇,실습,기기
학과,35,공업화학과,공업화학,화학,고분자,분자,회사,도료,화학공업,무기화학,정밀화학,반응,유기화학,실험,제품,기본개념,합성,개발,소재,경험,가공,한국나노기술원
학과,37,공연예술과,공연예술,발레,연출,공연,예술,연극,잡지,희곡,음악,뮤지컬,연기,종합,무용,연주,제약,무대,콘텐츠,제작,국악방송,예술경영지원센터
학과,38,공예과,공예,공예품,표현,디자인,평면,렌더링,수공방식,조형예술,재료,회사,생산,보석,귀금속,제작소,자유,차원,조화,금속,물질,이미지
학과,39,공예디자인학과,공예,디자인,금속공예,디자이너,조형,공예디자인,성형기법,일반,수반,평생,공업디자인,생활,공예품,제품,장신구,CAD,실용,창작,문제,조화
학과,41,공예학과,공예,공예품,공예학,현대공예,조형,조형원리,목공예,재료,일상생활,디자인,도자기,예술,금속공예,숙련,원칙,요소,물건,금속,염직,예체능강사
학과,44,과학교육과,지도법,과학,과학교육,교사,교과교육,학생,교수,중등,생물,자연,학습,물리,교재,양성,사물,교과내용학,의거,생물교육,학습평,과학강사
학과,48,관광통역과,관광,여행,외국인,외국어,국제,관광현상,여행업,각광,통역,종사자,센터,서비스,시대,교류,영어,호텔,증가,관광통역안내원,국적,예절
학과,51,광고디자인과,광고디자인,광고,시각,디자인,매체,제작,제작회사,인터넷,창의,콘텐츠,목표,표현,부문,웹사이트,등장,HTML,영상광고,타이포,편집그래픽,실무제작
학과,10140,광고디자인학과,광고,디자인,디지털,광고디자인학,효과,인쇄매체,사운드,영상,창의,그래픽,편집,컴퓨터,부서,신문,실습,제작,마케팅,발표자료,컨텐츠,광고카피
학과,55,광학공학과,광학,안경,레이저,광학공학,분광학,광전자,G인터넷,렌즈,통신,카메라,속도,우주,정밀,반도체,디스플레,네트워크,응용,자동차,기기,기하광학
학과,10142,교양공학부,학년,학부,공학,수강,생명공학,과목,공학분야,확정,전공,기초,수학,적성,코딩,내용,선택,구조,전반,화학분석,데이터구조,이산수학
학과,56,교양과,교양,신분,사회,문화,정보사회,생활문화,시기,스크랩,비판,인문,의견,감상,융합,형성,상상력,신문,서계사,논술지도자,대우,판단능력
학과,10145,교양인문학부,문화예술,학년,문화콘텐츠,사회,인문,의견,예술,융합,가치,글쓰기,확정,스크랩,인간관계,수강,과목,관계,발전,전공,사회과학,신문
학과,57,교육공학과,교육공학,교육,이론,학습,첨단,개발,콘텐츠,기술,사회교육협회,학습자,교육환경,강점,여성개발원,첨단기기,상담실,교육학연구원,교수학습,인력개발원,러닝,최초
학과,59,교육학과,교육,교육학,학습,시민사회단체,학문,인간,철학,학생,정책,문제,현장,이론,활동,청소년,심리,교육심리,발전단계,교육사,무한,중세
학과,61,교통공학과,교통,교통계획,교통수단,교통사고,도로,기차,설계,비행기,차량,모형,편리,계획,시스템,시청,체계,동영상,분석,해결,안전,자동차
학과,10147,국방기술과,무기,무기체계,국방기술,국방,국가안보,국방부,전쟁,운용,군사,필수,함양,기술,첨단,습득,염두,국방기술품질원,경량,핵무기,구경,대공포
학과,10038,국방기술학과,무기,레이더,무기체계,군사,기술,장비,기술개발,개발,정비,운용,전자,첨단,방해,군사과학기술,구경,국방기술,국방기술품질원,군용장비,부대,원거리
학과,67,국악학과,국악,연주,합주,예술,음악,악기,해금,가야금,대금,시창,기량,자신,훈련,전통,반주법,정악,아쟁,창작곡,판소리,국악기
학과,68,국어교육과,국어,국어학,언어,열풍,문학,국문학,한국어,문화,학습,내용,교육과정,작품,지도안,교육공무원,말하기,듣기,사회교육원,한류,각국,모국어
학과,74,국제문화정보학과,문화,국제,세기,미국,시대,국제문화,문화교류,문명,현대사회,소양,변화,충돌,리더쉽,사회,공존,보편,대중문화,특징,문화산업,가늠
학과,21005,국제지역학과,국제지역학,세계,지역,공부,국제관계,정치,문화,경제,국가,연구,언어,현상,교류,영어,비교,무역,사회과학,연구소,해외,국제
학과,77,금속공예과,귀금속,보석,공예품,장신구,디자인,금속,금속공예,공예,수공방식,비엔날레,재료,생산,탐방,숙련,재질,회사,제작,전시,예술,공정
학과,78,금속공예학과,금속공예,공예품,생활용품,귀금속,공예,생활,인테리어,디자인,디자이너,회사,제반,창조,작품,유리공예,현대공예,화랑,손동작,순수예술,연구인력,상품기획
학과,79,금속공학과,금속,금속공학,재료,금속재료,열역학법칙,개발,열역학,신소재,성질,소재,물질,사물,반응이론,분자재료,전극,상평형,부식,용액,평형,금속가공장치조작원
학과,82,금융경영과,금융,금융기관,기업경영,리스크,은행,재테크,경영학,마케팅,재무,법인,수단,경제학,보험,역할,회사,기여,서비스마케팅,금융자산운용,위험관리,이자율이론
학과,85,금형설계과,금형설계,금속,금속박람회,형상,가공,모델링,CAD,정밀,제품,성질,자동차,비철금속,가정용품,Computer,의료용품,산업대전,공정설계,금형,LCD,제품설계
학과,21006,기계ㆍ재료공학교육과,기계,재료,공업,교육전문,교사,공학,기계요소,교육,교육학,교과,우수,선박,고등,작성,기계공학,겸비,포트폴리오,학습,실무,이론
학과,86,기계공학과,기계,기계공학,재료,선형,열역학,기계장치,역학,기술,선박,원리,자동차,유량,기계직,원소재,오실로스코프,연속원리,비틀림,유체정역학,각종방법,모멘텀
학과,87,기계과,기계,역학,에너지,자동차,평형,기계요소,산업,생산,관점,기술,마찰,기슬,기계제,기계공업,벡터,기간산업,금형원,비철금속,증기원동기,공업역학
학과,88,기계설계공학과,기계,기계설계,CAD,기계설계공학,기계요소,설계,도면,기계장치,산업혁명,변형,선박,기계공학,활용,기초역학,CATIA,기계요소설계,기계직,전자측정기,기둥,출력
학과,89,기계설계과,기계설계,설계,기계,부품,도면작성,금형설계,명령어,습득,CAD,생산,자동,업무,실무,설비,제작,자동차,기슬,비틀림,제품설계,유지보수
학과,93,기독교학과,기독교,신학,기독교학,교회,종교학,종교,하나님,세계관,정신,인간,역사,봉사,학문,학제,신앙,계시,희생,예수,인간관,신학입문
학과,32,기술교육과,기술관리,교과,기술,공학,기술교육,교육연구소,교육공학,학습,공부,가정,제품,컴퓨터,내용,교육,제시,후처리,실습장,창안,한국산업기술평가관리원,제조
학과,94,기악과,악기,음악,연주,기악,타악,목관,현악,관현악,음정,화음,앙상블,연주자,예술,음색,리듬,시대,감성,체계,호른,개인지
학과,127,기타아시아어학과,아시아,언어,지역,문화,교류,국가,탐구,무역,해외,교수,봉사활동,한국문화,사회,동기부여,독해능력,연구대상,다문화센터,중급,강독,시청각
학과,389,기타유럽어학과,유럽,포르투갈,언어,문화,국가,역사,포르투갈어,민족,문장,능동,자격증,대처,유럽어학,현대어,해당국,유럽국,회화능력,언어학개론,통사,음운
학과,96,나노공학과,나노,나노공학,기술,크기,나노미터,나노재료,나노기술,공학,개발,측정,화학,재료,적용,회사,IT,물질,기존,나노바이오,나노소자,나노소재
학과,10049,냉동공조공학과,공간,시스템,설비,첨단,CAD,냉동공조,에어컨,반도체,냉동,생산,운용,우주,기술,선박,제품,회사,도면,건축,에너지,공기조화설비
학과,102,노인보건복지과,사회복지,노인복지,가족,정책,사회,노인,실천기술,노인문제,실천,노인요양센터,가족복지,케어,실천방법,사회복지사,봉사활동,시설,이론,개괄,심리,노인보건
학과,104,농공학과,농업,농촌,지하수,토목,공학,멘트,산출,구조물,조성,구분,최근,기계,기초,직업,농업기계,암석,직업인,망라,토질,강좌
학과,106,농수산과,농수산,수산,유통,수산자원,경영인,식품산업,생물,농업,생산물,양식장,생명,농작물,수산물,농산물,품종,양식,실습,조성,확대,식물
학과,108,농업교육과,농업,교사,학습,개발방법,축산,지역사회,우리나라,본질,노력,국내외,이론,산업,실습,제시,신념,육종,종합산업,식물자원,농촌지,학교교육
학과,111,대기과학과,대기,대기과학,대기오염,오존,기후,미세먼지,지표,기상,지구환경,대기환경,변동,지구,영향,물리,성분,현상,개선,자연,지구온난,황사
학과,114,댄스스포츠과,댄스스포츠,무용,종목,스포츠,생활체육지도자,학습,스포츠센터,선수,문화센터,연습,지도자,자질,음악,활동,정렬,도해,에티켓,안무법,모던댄스,사회교육원
학과,13,도시건설과,설계,구조물,건설,도시,도면,측량학,부분,측량,CAD,지각,시설물,전문인,중점,성질,시공,건축,해석,강수,지반,단면
학과,118,도시공학과,도시,도시공학,계획,인구,교통,도시설계,토지이용,박람회,스마트,미래,토목,공간,빅데이터,발전,배경,도모,전시회,회사,기반,건축
학과,120,도자기공예과,도자,디자인,도자기공예,회사,도자기,공예,도예,비엔날레,성형,제품,탐방,현대사회,전시,산업,전통,수요,습득,무한,전사,접시
학과,121,도자기공예학과,도자기,도예,도자기공예,공예,제조방법,유약,도자공예,미술관,표현,박물관,작품,고온,학예연구관,가마,성형기법,타일,안료,영역,형태,종류
학과,122,독어독문학과,독일어,독일,유럽,중세,문학,현대,고대,번역,선진국,개괄,문화,선택,독어독문,성과물,괴테,구사가능,데미안,슬픔,문학사조,헤세
학과,123,독일어교육과,독일어,독일,작문,교재,출간,EU,외국,서적,시민사회단체,학습,연구,회화,교육,고등,교사,비교,문학,학문,외국어,선택
학과,124,독일학과,독일,독일어,정치,문화,사회,유럽,정신문화,경제,양상,형성,안목,국제,측면,분단,독어독문,유럽연합,경제력,권력,특유,시대
학과,126,동물자원학과,동물자원학,동물자원,가축,유전,동물,자원,회사,농촌,이용,세포,영양소,생체,화학,대사,식품,과학,조절,에너지,지지,영농
학과,471,디지털미디어과,저작,디지털미디어,콘텐츠,출판,매체,미디어,기획,제작,디지털,영상미디어,book,유통,취재,홍보,멀티미디어,방송국,인터넷,공부,편집,회사
학과,132,러시아어문학과,러시아,러시아어,러시아어문학,비평,어문학,문화,청취,배경,나라,문학,잠재력,준비,문자,관계,학과,고려,작품,덕분,문호,러시아문화
학과,134,러시아학과,러시아,러시아어,국제관계,언어,정치,현재,지역학,문화,문장,공부,세기,교류,한국,지정학,배경지식,예문,푸시킨,지역연구,TORFL,비교연구
학과,135,레저스포츠과,레저스포츠,운동,스포츠,체육,모험,운동생리학,근력,생활,시설,안전관리,스포츠센터,레저,활동,체력,기능,스포츠강사,생활체육회,발달,한국체육산업개발,신체조성
학과,10020,레저스포츠학과,스포츠,레저스포츠,레저,레저스포츠학,신체활동,용품,시설,건강,활동,생리,사회,현대,대사,선택,에너지,비타민,에이전트,사회발전,생활체육회,영향
학과,140,레크리에이션과,레크리에이션,여가,무대,축제,피로,레저,주도,상황,스포츠,시설,심신,윤택,여가활동,재치,개그맨,시설관리,지도력,건강,신체,놀이
학과,10116,로봇공학과,로봇,로봇공학,우주,공학설계,프로그래밍,공학,회사,전자,전기,기계,인공지능,전자회,공장,자동,제어,센서,조립,자동차,코딩로봇조립,인천
학과,144,만화애니메이션학과,만화,애니메이션,만화애니메이션학,웹툰,스토리,제작,이야기,만화축제,모델링,회사,게임,영화,구조,영상산업,테크놀로지,구성원리,테크닉,제작기법,렌더링,종류
학과,10120,말특수동물학과,동물,야생동물,반려동물,말산업,생식,축산,행동,단체,산업,실험동물,질병,레저산업,호르몬,한국마사회,목장,농가,동물자원,번식생리,습성,개체
학과,150,메이크업아티스트과,메이크업,메이크업아티스트,분장,피부,연출,특수,미용,아름다움,화장품,화장,사용방법,스타일,기술,개성,추구,조화,이론,자격증,이미지,전반
학과,151,메카트로닉스공학과,로봇,제어공학,전자,센서,메카트로닉스공학,전기,합성어,구조물,융합,자동,메카트로닉스,시스템,기계,변환,역학,회사,특성,기계공학,차원,제품
학과,152,메카트로닉스과,메카트로닉스,로봇,전자,전기,제품,기계,자동,기술,조립,하중,전자회,컴퓨터,기계공학,복합,제어,시스템,코딩,응용,전자공학,개발
학과,153,모델과,모델,포즈,연기,광고,패션,워킹,패션쇼,패션모델,포트폴리오,이미지,자신,카메라,의상,자유,향상,무대,표현,사진,연출,훈련
학과,10118,모바일시스템공학과,모바일,기기,태블릿PC,스마트폰,회사,시스템,개발,프로세서,프로그래밍,컴퓨터,스마트워치,노트북,예약,네트워크,IT분야,스마트,보급,기술,작동,프로젝트
학과,155,목조형가구학과,가구,디자인,재료,실내,공예,목재,창작,차원,사조,일상용품,의자,색채표현,목공기계,책상,시각,초기,창작물,생활도구,예술품,공간
학과,10152,무도과,무도,경호,종목,운동,체육,체력관리,정신력,운동처방,경비,강도,부상,안전관리,대회,참가,체력,부서,기술,예방,시설,무예사상
학과,158,무도학과,무도,태권,무술,도장,유도,검도,운동처방,동양,설치,경호,손상,강도,안전관리,지도자,연구,학문,과학,운동,예방,무도학개론
학과,160,무용과,무용,현대무용,발레,한국무용,신체,장르,기초,움직임,창작,예술,감정,대중무용수,발레단,재즈댄스,기본기,손짓,모던댄스,내면세계,무용수,시선
학과,162,무용학과,무용,현대무용,한국무용,신체,발레,안무,예술,움직임,기교,예술분야,테크닉,공연,형식,창작,표현,음악,실기,습득,이론교육,대중무용수
학과,21007,무인항공드론과,드론,조종,항공기,무인항공드론,무인항공기,무인,제작,군사,기대,촬영,운용,설계,비행체,아래,국가재난정보센터,활용범위,예보,무인기,동체,배양
학과,21008,무인항공학과,무인항공기,무인기,드론,무인,항공기,과목,택배,설계,항공,제어,국내,시청,동영상,국가재난정보센터,활용범위,기계제어,운항실습,기술발전,연구기관,통신사
학과,163,문예창작과,창작,소설,문학,문예창작,문예사조,글짓기,광고,출판,문화,시도,편집,발휘,상상력,이론,실제,소설책,진정,양면,편집실,창달
학과,164,문예창작학과,문학,창작,소설,언어,한국,번역,문예창작학,모국어,국어국문학,문예,접근,정체,글짓기,광고,문화,요소,현대,예술,발휘,표현
학과,165,문헌정보과,도서관,문헌정보,문헌정보학,정보,정보센터,이용자,정보시스템,검색,과목,서비스,교과목,운영,탐색,실제,학창시절,문헌정보학개론,서점,독서지,도서관정보센터,대학도서관
학과,166,문헌정보학과,도서관,문헌정보학,정보,기록물,관리,문서,문헌,독서,정보시스템,자료,보존,선택,데이터베이스시스템,학창시절,학교도서관,문과,독서지,문헌정보학개론,도서관정보센터,정보센터
학과,167,문화관광과,관광,문화관광,관광산업,여행사,항공사,테마파크,소질,선도,여가,중심,실무,문화,기여,산업,호텔,마케팅,레저산업,노후설계,종사원,순화
학과,424,문화인류학과,문화재,인류,문화,인간,박물관,사회,심도,답사,역사,도달,인류학,상이점,유적지,검토,공부,유사점,지혜,영역,문화인류학,학술
학과,169,문화재과,문화재,유물,보존,문화유산,가치,발굴,유형,복원,유적,원형,재질,실습,답사,역사,강의,기록물관리사,민속,진전,선조,전승
학과,10031,문화콘텐츠학과,문화,콘텐츠,문화콘텐츠,영화,사회,비평,코드,강독,텍스트,하나,인문학,공모전,현장,디지털,동반,공부,개발사,언어,PD,흥행
학과,174,물리교육과,과학,학생,교사,과학교육,학습,책임감,물리,역학,반도체,건전,목표,회사,기초,전자,물리학,인격체,거시세계,과학강사,전공지식,충돌
학과,175,물리치료과,물리치료,물리치료사,기능,인체,환자,계통,골격,손상,치료,병원,질환,근육,의료봉사활동,회복,장애,물리치료학개론,운동치료,치료법,임상운동학,특성
학과,176,물리치료학과,물리치료,질환,운동치료,물리치료사,환자,회복,기형,병원,의료봉사활동,평가,인체,장애,진단,실습,치료,정형외,근골격,물리치료학개론,중추신경,여가생활
학과,177,물리학과,물리학,법칙,현상,설명,자연,거시세계,물리,과학,원자력,주위,운동,물질,에너지,열역학법칙,양자광학,선형광학,기초과학연구원,유방출,상평형,흑체복사
학과,178,뮤지컬과,뮤지컬,연기,무대,예술,연극,상연,공연,호흡,영화,실기,노래,소화,장르,드라마,연출,콘텐츠,무대제작,뮤지컬연기,심신,종합
학과,179,미국학과,미국,정치,사회,형성,영어,국제,측면,경제,안목,문화,시청,과정,강대국,포털사이트,문학사조,노동조합,정치제,지역전문,정치과정,다국적
학과,183,미술교육과,미술,예체능,미술교육,조형,학습,표현,교재,체육,교사,개성,연마,음악,교육,자연,제시,수묵화기법,운필,수채화,묵색,전당
학과,184,미술학과,미술,미술학,디자인,표현,조소,예술,광고,제작업체,미술관,독창,인체,전시회,박물관,조명,실기,공공,창조,사물,윤택,질감
학과,186,미용과,미용,헤어스타일,헤어디자인,이론,커트,피부,실습,파마,모발,연출,실기,스타일,세트,자격증,국가기술자격,시술,네일,컬러,생활수준,미에
학과,10153,반도체과,반도체,소자,재료,트랜지스터,다이오드,엔지니어,공정,소재,물성,개발,원리,박람회,제품,동작,기술,전자,전기,도전재료,자성재료,구동
학과,195,반도체학과,반도체,메모리,공정,전자제품,작동원리,반도체공학,엔지니어,소자,제조,제품,구현,핵심,성능,개발,부품,작동,전자,개선,결정구조,주파
학과,196,방사선과,방사선,진단,병원,방사선사,질병,검사,치료,세포,의료봉사활동,인체,생물학,응용,의학,물리학,첨단,기기,물리현상,마음가짐,병원현장,방사선생물학
학과,10012,방사선학과,방사선,방사선학,인체,진단,질병,치료,CT,방사선사,MRI,의료봉사활동,생물학,운용,의학,검사,화상,자기공명영상,병원현장,의학기술,인체생리학,영상처리
학과,354,방송연예과,연기,방송연예,영화,방송,신체,발성,호흡,매체,연기자,연기력,연예,연극,드라마,콘텐츠,훈련,작품,호흡법,발성법,고취,휴대전화
학과,199,방송영상과,영상,방송영상,편집,촬영,영화,영상제작,입체영상,방송기술,제작,매체,연출,콘텐츠,방송,방송국,미디어,TV,장비,기획,회사,조명
학과,21011,방송영상미디어과,영상,연출,촬영,제작,방송,편집,콘텐츠,기획,미디어,방송기술,텔레비전,방송영상,매체,미학,라디오,전반,완성,기법,변화,조명
학과,200,방송제작과,방송,방송제작,제작,촬영,편집,방송영상,콘텐츠,스튜디오,지상파,문화예술,카메라,방송국,기획,현장,회사,세부,프로그램,작품제작,제작팀,각자
학과,202,법률과,헌법,민법,법학,법률,사무실,형벌,형법,사회,국가,분쟁,범죄,사이,해결,학습,문제,개인,공동체,민법총칙,법생활,피고
학과,210,보건관리학과,건강,보건,보건교육,보건의료,의료,국민,보건소,보건학,요인,병원,의료봉사활동,인간,행정,인식,측정,분석,질병,증가,공중보건학,상황판단력
학과,213,보건행정과,보건행정,병원,의무기록,국민,보건,병원통계,증진,기록,환자,의료기관,전염병,의료봉사활동,질병,공중보건학개론,보건의료자료,의료보장,사회보장,보건행정학,환경위생,보건의료기관
학과,215,보건환경과,환경,환경오염,수질,대기오염물질,유지관리,건강,오염,참석,분석,개념,전반,자연,원인,시설,오염현상,환경보전,수질관리,환경오염물질,유해인자,산업보건
학과,216,보석감정과,보석,보석감정,주얼리,귀금속,디자인,가공,감별,판별,수출입,회사,CAD,자유,유통,도면,습득,감정,귀금속및보석세공원,합성보석,감별법,모조
학과,223,북한학과,북한,통일,분단,남북한,북한학,한반,사회생활,평화,민족,스크랩,기사,언어,역사,교류,정책,연구,과업,진전,산업연구원,통일연구원
학과,224,불교학과,불교,불교학,인도,사회,소양,인격,종교,개관,문헌,답사,본질,고찰,자취,통일신라시대,한문,원시,전반부,사찰,연구기관,독해능력
학과,225,불어교육과,프랑스어,프랑스,문학,학습,문법,교육,문화,언어,교수,구문,시민사회단체,외교,고등,사회,교사,외국,정치,수준,내용,외국어
학과,10040,뷰티미용학과,피부,네일,미용,헤어,커트,피부미용,메이크업아티스트,메이크업,경영관리,고객,영양소,이야기,감각,색채,향수회사,인조,피부관리실,배색,피부과학,손톱
학과,227,비서행정과,비서,문서,경영자,행정,사무,업무,회계,보좌,작성,국제,실무,경영,역할,컴퓨터,외국어,자격증,조직,발신,사무회계,총무
학과,10119,사이버국방학과,보안,정보보안,해킹,정보,국방,사이버,정보기술,사이버국방학,컴퓨터,프로토콜,백신,공격,네트워크,국가,코딩,모바일,개발,통신,세력,보안기술
학과,232,사진과,사진,촬영,카메라,광고,인화,회사,인물,사물,스마트폰,잡지,기록,홍보,실기,기술,습득,광고사진,인쇄매체광고,사진촬영,기초사진,사진부서
학과,234,사진영상학과,사진,만화,광고사진,표현,편집,영상매체,미학,SNS,형식,영화사,자체,역사,철학,본질,인문학,촬영,동영상,창조,의미,촬영기사
학과,236,사학과,사학,역사,사료,역사학,사회,과거,국사,민족,유적,미래,과목,정치,문화,의미,사관,단절,서양사,효용,문서실,역사관
학과,21012,사회교육과,사회,정치,지리,연구,정치학,교육,학습,개념,조사,공부,역사,학생,기획재정부,산업통산자원부,정치이론,통일부,사회과학방법,사회제,금융회사,교육관련
학과,239,사회복지과,사회복지,사회보장,실천,인간행동,사회보장제,사회,지침,개입,사회환경,사회문제,사회복지관,향상,대응,적용,변화,봉사활동,자활복지개발원,교도관,역할연습,사회복지현장실습
학과,257,사회복지상담과,사회복지,상담,아동,실천,지침,개입,기법,사회복지관,복지,가족,마음,문제,관점,기술,봉사활동,행동,해결,심리,실제,집합
학과,241,사회체육과,사회체육,스포츠,운동,체육,경비,경호,사회,체력,일지,부서,시설,여가,관계,증진,지도,엔터테인먼트,댄스스포츠,사회인,에어로빅,사회체육지도자
학과,242,사회체육학과,스포츠,운동,사회체육,사회체육학,지도자,심리,변인,영향,체중조절,신체조성,육계,호흡순환,인체,스포츠심리학,생활체육,운동생리학,코치,트레이닝,운동처방,골격
학과,252,산업디자인과,디자인,산업디자인,제품,회사,광고디자인,가구,창조,기능,시각디자인,교과목,구성,공모전,색채,조명,산업,고려,교육,습득,산업제품,외양
학과,10050,산업설비자동화과,산업설비자동,습득,배관,기계재료,가스설비,냉동,시공,용접,설비,기계,회사,자동,기기,담수,공기조화설비,건축설비기술자,배관설비,공사비,급배수,공작
학과,255,산업안전과,산업안전,안전,위험,안전관리,산업,수립,산업재해,안전사고,스크랩,사항,평가,방지,점검,건설재해,명시,준수,보건법,안전관리자,안전기준,정한
학과,10051,산업잠수과,수중,바다,해양,해양학,보수,측량학,측량기술,확대,순환,독서,영역,구조물,시공,설치,건설,검사,발생원인,퇴적물,판구조,보강
학과,260,생명공학과,생명공학,생명과학,미생물학,생명,응용,생물학,생명체,수준,기초,생물,방점,생물공학,핵세포,생명과학연구원,반면,분자생물학,보건학,공학,유익,현상
학과,261,생명과학과,생명과학,생명,생명체,유전학,실험,현상,생물학,세포,생명공학,원리,기능,생물,분류,일반생태학,형태,제기,문제,축적,가능,유익
학과,263,생물교육과,생물교육,과학교육,생명과학,유전자,생물,과학교사,과학,학습,유전학,제시,유전,교육,자연과학,근거,내용,조절,탐구,조력자,추리,돌연변
학과,10048,생물산업기계공학과,기계,생산,공학,기계요소,생물,발명,학문,회사,전자,원리,가공,전기,연속원리,모멘텀,기계요소설계,기초역학,유체정역학,탈곡,기구학,기술직공무원
학과,265,생물학과,생물학,생명,생물,생명과학,유전학,미생물,현상,분자생물학,환경,생태학,유전자,생명공학,과학,탐구,동태,세균,분류학,세포학,면역학,공부
학과,267,생화학과,생화학,생명,단백질,화학,분자생물학,지질,인터뷰,세포,분자,생물체,생명과학,현상,수준,생물학,바이러스학,면역학,생합성,재학,국립환경과학원,국립수의과학검역원
학과,21013,생활문화과,생활문화,행복,복지관,탐구,예술,사회보장제,인간,심리,생활환경,생활,복지,발전,인문학,봉사활동,설계,의미,행동,노후설계,노후생활,준비
학과,272,서양화과,서양화,표현,미술,예술,작가,미술양식,캔버스,물감,인체,표현능력,이바지,드로잉,서양,회화,조형,재료,제작업체,특성,미술관,디자인
학과,10005,선교과,선교,기독교,성경,종교,선교전략,문화,사역,목회자,선교지,선교학,선교사,복음,신학,국내,세계,소양,관점,연구,국제,힌두교
학과,276,선교학과,선교,기독교,선교학,복음,세계,종교,전략,이슬람교,선교지,사역,예수,비전,교회,국내,세계관,문화,봉사,관점,국제,힌두교
학과,279,섬유공학과,섬유,합성섬유,섬유공학,패션,가공,염료,화학,공정,소재,염색,의류,생산,잡지,성질,구조,전기,옷차림,탐험,화학섬유,제조
학과,281,섬유디자인과,섬유디자인,직물,원단,공정,섬유,섬유산업,텍스타일,섬유제품,디자인,제작소,염색,의류,종류,소재,마모,원사,텍스타일디자인,혼용,전문기술인,방적
학과,282,섬유디자인학과,섬유,디자인,텍스타일,직물,패션,섬유디자인,회사,밀접,기업체,독창,소재,마케팅,직조,탐험,머천다이징,그동안,텍스타일디자인,시각,발상,자동차회사
학과,283,성악과,성악,음악,목소리,발성,합창단,음성학,선율,오페라단,인간,호흡,악보,악기,움직임,방송사,예술,외국어,훈련,예술원,기억력,독보
학과,285,세라믹공학과,세라믹,재료,반도체,공학,소재,회절,바이오,개발,도자기,물성,웹진,세라믹공학,화학,제품,잡지,공정,첨단,전기,제조원리,결정구조
학과,287,세무회계과,세무회계,회계정보,조세,실무,회계,세법,법인,예측,회사,개념,자격증,세무정보,기업회계정보,과세요건,종합,조세부담,납부,징수,세법체계,소멸
학과,10015,소방방재학과,소방,화재,소방방재학,재난,방재,예방,재난관리,설비,IT기술,관리,안전,학습,사물인터넷,시공,기술,소방학개론,감지기,산업안전관리원,한국소방산업기술원,유관기관
학과,288,소방안전관리과,소방,소방안전관리,화재,위험,재난,안전,소방시설,진압,스크랩,안전관리,기사,기계,물질,첨단,한국소방산업기술원,소방학개론,위험성,상황판단력,성상,소방공무원
학과,290,소프트웨어공학과,소프트웨어,개발,프로그래밍,소프트웨어공학,회사,알고리즘,모바일,자료구조,컴퓨터,코딩,시스템,무인,IT,구조,운영,자료,트리,스택,요구사항,키오스크
학과,21014,수산학과,수산업,수산물,수산학,수산,양식,해양,질병,바다,우리나라,실습,생물,가공,담수,원양,수산양식,해양수산,육안,해역,수산학개론,방역
학과,296,수의학과,동물,수의학,질병,치료,실험동물,생명공학,의약품,수의사,수의,연구,적성,확대,연구소,학과,기능,예방,이학,병리,처방전,야생동물
학과,298,수학과,수학,대수학,부류,곡선,국가수리과학연구소,해석학,변수,기하학,생명공학,공부,현상,설명,컴퓨터,과학,기초,사고,급수,해결과정,수학자,통계실
학과,299,수학교육과,수학,미적분학,응용,미분,적분,함수,변천,실수,학습,정리,과학,회사,생명공학,교과,분석력,컴퓨터,논리,집합,금융공학,정적
학과,10033,수해양산업교육과,식품,지구과학,수산학,해양산업,가공,해양,수산업,수산,중등,미생물,학습,교과,교사,양성,제반,시리즈,해운업,냉동공조,냉동공학,식품미생물학
학과,21015,순수미술과,회사,디자인,예술,표현,판화,사진,미술,묘사,조각,작품,도자,드로잉,대상,회화,재료,창작,그림,기법,조화,분류
학과,489,스마트정보과,문서,콘텐츠,전자상거래,코딩,프로그래밍,관리,개발,원리,모바일,정보,행정,스마트폰,학습,운용,상품,마케팅,정리,인터넷마케팅,업무처리,발신
학과,10019,스마트폰과,스마트폰,모바일,개발,안드로이드,OS,자바,콘텐츠,기기,변화,스마트기기,태블릿PC,노트북,기획,스마트,학습,산업,가능,박람회,회사,기반
학과,10115,스토리텔링학과,스토리텔링,문학,매체,이야기,산업,문화콘텐츠,광고,문화,영상,공모전,기반,디지털,동화,공통점,플롯,추후,출품,영상콘텐츠,홍보전문,국가
학과,306,스포츠건강관리학과,스포츠,운동,신체활동,보건교육,처방,센터,영양섭취,재활의학,인체,기능,건강,스트레스,재활,의학,에너지,질병,예방,시설,건강형평,관련법
학과,10039,스포츠지도과,스포츠,운동,경비,경호,지도자,체육,일지,부서,종목,시설,이론,작성,혼자,친구,지도,조정,기록,현장체험,요트,예기
학과,307,스포츠지도학과,스포츠,체육,운동,지도사,이야기,계획,심리,지도안,의학센터,사회체육지도자,구청,변인,영향,사회,관리,스포츠마케팅,동아리,군청,하위,사회관계
학과,308,시각디자인과,디자인,시각디자인,회사,시각,표현,전달,문자,시각전달,광고디자인,매체,메시지,습득,감각,효과,캐릭터,전시회,실무,조명,가구,창조
학과,310,시스템경영공학과,시스템,생산,공학기술,회사,활용,관리,통합,효율,운영,개발,IT,제품,팩토리,사물인터넷,품질,빅데이터,도구,네트워크,최적,접근
학과,311,시스템공학과,시스템,시스템공학,설계,도착,회사,네트워크,IT,기술,공학기술,주문,컴퓨터,물류,정보,이용,알고리즘,접근,코딩,구조,상품,운영
학과,450,식물자원학과,식물,식물자원학,재배,식물자원,농업생산,환경,방제,농약,종자,계통,기상,채소,수질,오염,연구,성분,관찰,농업,공급,자원
학과,313,식품가공과,식품,식품가공,성분,먹을거리,요리,저장,공정,가공,안전,품질관리,대사,품질,성질,생물학,식품화학,식품재료학,식품원료,식품공업,외식조리,제조원리
학과,314,식품공학과,식품,식품공학,가공,원료,제품,제품개발,먹을거리,유기화합물,학문,성분,생산,생물학,과학,원리,정성분석,가공식품,제법,식품재료학,식품원료,식품개발
학과,317,식품영양과,식품,식품영양,식생활,영양학,성분,건강,요리,영양소,음식,영양,저장,성질,기여,가공,식품화학,함유,급식소,중의,조리실,구성성분
학과,21017,식품자원경제학과,농업,경제,경제학,식품,식품산업,유통,농업경제학,환경문제,특징,공급,개괄,정책,문제,자원,측면,정책변화,농업경제,물류산업,농어촌,식품제조업
학과,320,식품조리과,식품,식생활,요리,음식,조리,급식,생존,식품위생,조리사,식품산업,외식,센터,실습,충족,저장,기호,소비자,식물,증진,한국
학과,324,신소재공학과,재료,신소재,세라믹,소재,신소재공학,반도체,가공업체,무기,응용,구조,공학,항공기,발전,금속,개념,산업,제조업체,응용능력,태양전지,나노재료
학과,325,신소재응용과,소재,신소재,신소재응용,반도체,금속,유기화합물,신소재공학,분자,성질,개발,제조업체,가공,자동차,화학분석,제법,가공공정,응용물,세라믹스,골프채,정성분석
학과,10017,신재생에너지과,재생에너지,에너지,재생,화석연료,풍력,태양광,지열,태양열,에너지원,대체,수력,석탄,수소,발전소,설계,연료,변환,이용,견학,전기
학과,326,신학과,신학,기독교,종교,성경,교회,계시,윤리,하나님,역사,세계관,심리,형성,관계,다원,기독교교육,신학입문,진리,불의,기독교학,복음
학과,10018,실내디자인과,실내디자인,공간,디자인,실내,건축,회사,설계,디스플레,제도,사무소,색채,가구,연출,인테리어,전시,학습,환경,원리,인테리어디자이너,용구
학과,509,실용미술과,실용미술,디자인,일러스트레이션,회사,미술,가구,콘텐츠,제품,표현,디지털,사물,공예,양식,연구,아동,제작,생활,실용,공모전,캐릭터
학과,113,실용음악과,실용음악,노래,음악,악기,무대,대중음악,보컬,화성,오디션,악보,축제,가수,연주,기타,합창곡,예제,댄서,시창청음,지망,컴퓨터음악작곡
학과,329,실용음악학과,음악,재즈,실용음악,대중음악,음악인,합창단,영화음악,작사,악보,음반,선도,부분,연주,감상,세계,장르,발전,이론,기초,출판사
학과,330,심리학과,심리학,행동,심리,인간,마음,상담,해석,과학,형성,인문학,학문,유추,미술치료사,작성기법,홍보팀,설문지,결과,영향,일관,활용
학과,7,아동가족학과,아동,가족,유아교육,아동가족학,가정,가족학,보육,유아,이론,멀티미디어,행동,발달단계,단면,연구대상,유아교육과정,인간발달,미시,교육현장,관찰,생애
학과,331,아동교육과,유아교육,아동,아동교육,보육교사,유아교육과정,유치원교사,아이,인성,학습,발달,성장,이론,교사,유형,배경,고찰,함양,기초,교육계획,발육
학과,336,아프리카어과,아프리카,언어,언어학,측면,자격증,종족,참조,전문용어,인류학,준비,유사점,두려움,화용,문화현상,차이점,정착,재단,주안점,탄생,계통
학과,337,안경광학과,안경,안경광학,시력,조제,렌즈,현대인,광학,교정,가공,기하광학,저하,이유,정밀,이론,시청,원리,동영상,검사,원시,안경테
학과,338,안전공학과,안전,안전공학,소방,원인,위험성,사고,설비,행동,예방,안전관리,산업,관리,방지,수준,시공,회사,과학,자연재해,전기이론,안전체험관
학과,10009,약재자원과,한약재,한약,재배,전시관,유통,가공,실험,제약,개발,습득,전문직업인,감별법,치료방법,약효,발달,국민보건,입증,피부관리,생장,건강
학과,345,언어과학과,언어,언어학,인간,기호,논리,광고,과학,현상,커뮤니케이션,인문학,집합론,본성,식견,카피,공부,정보,함수,전산학,연설,홍보전문
학과,10016,언어재활과,언어재활,언어장애,언어,진단,언어발달장애,의사소통장애,치료,판별,의료봉사활동,장애,환자,측면,원인,구체,실제,언어지,언어치료센터,음성장애,특성,시술
학과,346,언어치료학과,언어,언어치료,치료,의사소통,음운,진단,언어발달장애,세종특별자치시교육청,시리즈,길라잡,언어치료학,음성학,성인,출처,장애,학습,아동,장애인,철학,심리학
학과,448,에너지자원공학과,에너지,에너지공학,재생,석유,에너지원,화학,광물,온난,태양열,풍력,조력,자원,지질,가스,지구,에어컨,한국원자력통제기술원,시계,온실가스,에너지경제연구원
학과,350,역사교육과,한국사,역사학,한국,사료,역사,세계사,시민사회단체,고대,학습,박물관,서양사,구비,발달,국사,일반회사,예비,중고등,과목,채택,망라
학과,168,연예매니지먼트과,캐스팅,연예인,기획,매니지먼트,엔터테인먼트,가수,발굴,연예,매니저,관리,스타,공연,연기자,SNS,총체,제작,오늘날,예술,학습,홍보
학과,364,영어과,영어,영어공부,향상,의사소통,어학,번역,산업사회,고도,전문인,종사,드라마,유능,연관,문학,문화,매체,해외,작품,영어능력,실무영어
학과,365,영어교육과,영어,어학,문학,수업,의사소통,시민사회단체,교육,학습,문법,본질,글로벌,외국어,교수,시간,문장구조,교구개발자,교육심리,교수법,영문학,연구자
학과,366,영어영문학과,영어,작품,문학,영미,작가,영어공부,드라마,시대,미국,수업,무역,해외,주제,포스트,최소한,영작문,영작,미국드라마,영어식,어법
학과,367,영어학과,영어,영어학,영어공부,국제,흐름,역사,드라마,문학,문화,외국어,무한경쟁,영미문화,연구기관,미국드라마,언어학개론,영문학,언어,망라,두려움,세계
학과,368,영화과,영화,화면,시나리오,제작,기획,예술,세계,동시,상상력,촬영,한국,회사,조명,단계,콘텐츠,생동감,테크놀로지,제작팀,영사기,조감독
학과,10046,예술치료과,치료,예술치료,예술,미술치료,정신의학,심리치료,음악회,마음,음악,상담,접근방법,치료실,아동,노인,임상,참석,발표,심리학,가족,전시회
학과,369,예술학과,예술학,연극,현대,예술,표현,연극관람,미술양식,자체,공연예술,박물관,매체,미술,음반,시각,개설,창작,정기,미술행정,매니지먼트,지망
학과,10047,외국어학과,문화,외국,러시아어,국제,문화교류,언어,영어,영미,러시아,외국어,중국,흐름,중국어,세계,시대,인재,에세,한일,러시아문화,사회변화
학과,380,우주과학과,우주,우주과학,행성,태양,로켓,우주선,탐사,운동,인공위성,전파연구소,추진,지구,물리,공간,기초,대상,과학기술,학문,첨단,나로우주센터
학과,382,원예과,원예,재배,식물,품종,채소,산림,육종,이론,재배기술,실습,화훼,수확,작물,학문,환경,생리,기술,나무,접목,회사
학과,383,원예학과,원예,식물,산림,작물,원예학,생장,환경,조경학,조경,채소,내의,적성,회사,조절,기초,포함,생물,시설,발육,녹색
학과,384,원자력공학과,원자력,발전소,방사선,원자,방사,발전,동위원소,에너지,취급,운전,공업,활용,성질,건설,물질,에너지경제연구원,한국원자력의학원,한국원자력통제기술원,정책변화,대체
학과,131,유럽ㆍ기타어과,유럽,러시아어,프랑스어,국가,배양,문화,언어,국제,문장,능동,실용,정치,영어,문학,자격증,대처,유럽어학,유럽국,용법,상호교류
학과,390,유아교육과,유아,유아교육,발달,교육,놀이,영유아,아동,유아기,보육교사,유치원,보육,안전,제작업체,고찰,이론,단계,함양,행동,방송,제시
학과,391,유아교육학과,유아,유아교육,유아교육학,교육,유아교사,유아기,교사,인지발달,학습,어린,유치원,보육,발달,제작업체,과정,수준,방송,현직,발달이론,공부방
학과,10032,유아특수재활과,특수교육,어린이집,유아,장애,특수,장애영역,소양,아동,교육,장애인,학습,지도,검사,놀이치료사,포기,신념,장애아동,공동체,발달,특수교사
학과,392,유전공학과,유전공학,유전자,생명,조합,생명현상,DNA,분자,연구,생명과학,기술,물질,수요,원리,핵세포,돌연변,생명과학연구원,생합성,유전공학자,복제,분자생물학
학과,21018,유통물류과,최적,물류,상권,유통,정의,세계,대응,무역,회사,개념,수립,발전방향,기업전략,경쟁우위,파악,경매사,화물운송,고객만족,상권분석,국제통상환경
학과,63,윤리교육과,윤리교육,도덕,윤리,교사,철학,고민,철학자,윤리학,학습,고등,문제,학문,교육,측면,청소년,방식,고교,언론기관,연구인력,일반이론
학과,64,윤리학과,윤리학,종교,철학,윤리의식,근본,인문,정립,윤리,사상,사회과학,생명,학문,탐구,동양사상,민주,종교문화,주인의식,검토,견해,이론체계
학과,395,음악과,음악,연주,악기,화성,작곡,실기,합주,성악,서양,예술,전통,영화,악전,순화,밴드,음악인국악,연습,진행,동아리,기보
학과,10022,음악교육과,음악,교과서,작곡,연주,영역,지도,영화,학습목표,예술가곡,이태리어,악전,음악인국악,단원,실기능력,제기,음악이론,불어,교향악단,교육현장,서술
학과,396,음악학과,음악,연주,화음,합창,음악학,악기,변화화음,대위법,단조,화성법,독보,장조,전조,전위,앙상블,영화,작곡,조성,근거,이론
학과,398,음향제작과,음향,소리,녹음,음악,음향제작,교내,공연장,영상,공연,기술,음반,설계,편집,설치,시험,제작,기기,음향장비,대여,구동
학과,399,응급구조과,응급처치,응급구조,응급구조사,심전,응급의료체계,응급,심폐소생술,응급의료,현장,긴급,응급환자,생명,발생,상황,역할,기록,환자,자격증,사고,실시
학과,10014,응급구조학과,응급처치,응급구조학,심폐소생술,응급환자,응급의료,응급구조,응급구조사,호흡,환자,손상,의료,발생,국민,생명,보호,자격증,습득,용량,합병증,불의
학과,21019,응용미술학과,미술,조형,디자인,입체조형,순수,표현,객관,재료,요소,제작업체,미술관,평면,차원,예술,전시회,박물관,조명,공공,멀티미디어,디지털
학과,402,의료보장구과,의지,보조,의료,노인,장애인,공학,절단,발전,재활치료,학습,기기,의료기기,회사,신체,적응,용어,보건,개발,이론,환자
학과,404,의료정보공학과,의료정보공학,의료정보,의료장비,의료,의학,어플,개발,전자,첨단,기기,의료기기,생체,장비,인체,회사,컴퓨터,기술,질병,해석,판매업체
학과,405,의료정보시스템과,의료정보,의료정보시스템,의료,보건의료,어플,의료지식,의무기록,의료기관,IT기술,시스템,관리,정보,병원,서비스,기획,종합병원,컴퓨터,구축,의무기록서식,매커니즘
학과,407,의류ㆍ의상학과,의류,패션,섬유,디자인,의상학,손재주,연구소,직물,의상,인체,표현,실제,스커트,오늘,의류학,셔츠,크로키,직조,생산업체,뒷받침
학과,408,의무행정과,통계,병원,행정,병원행정,의무기록,보건의료,진료,기록,실무,보건의료기관,의무,의료정보,보건행정,내용,전산,의료봉사활동,기초지식,시스템,보험,보건
학과,413,의예과,의예,의사,인체,병원,마음,인간,의학,의료,생명체,의료봉사활동,생명,판단,환자,기술,구조,기본단위,응급상황,육안해부학,국소해부,골반
학과,414,의용공학과,의용공학,의료장비,의료,의료기기,전자회,기기,프로그래밍,개발,회사,설계,실습,임상,보건,진단,디지털,치료방법,전문기술,전자기술,광역,집약
학과,418,이벤트연출과,이벤트,축제,기획,공연,관광,MC,산업,전반,실무,회사,즐거움,전시,겸비,홍보,마케팅,이벤트연출,학교,프로모션,관광학원론,관광현상
학과,10028,인터넷정보과,개발,정보처리,정보보안,인터넷,회사,전산,보안,서버,통신,시스템,정보,데이터베이스,컴퓨터,프로그래밍,제작사,네트워크,코딩,필수,기반,콘텐츠
학과,486,인터넷정보학과,인터넷,정보보호,정보,정보학,보안,정보보안,시스템,웹프로그래밍,코딩,정보처리,데이터베이스,프로그래밍,데이터,모바일,알고리즘,개발,회사,IT,멀티미디어,기술
학과,431,일반사회교육과,사회,교사,중등,현장교육,교과서,학생,지리,학습,조사,철학,정치,사회과학,이론,교육,수업계획,통일부,기획재정부,산업통산자원부,합리,이론체계
학과,434,일본학과,일본,일본어,사회,경제,문화,공부,정치,안목,문학,자격증,국제,다큐,접점,국제경제,지역연구,일본전문,경제관계,상이점,공통점,각국
학과,10023,일어교육과,일본어,일본,외국어,문장,교수법,지도법,시민사회단체,관점,문화,교수,선택,한일,동북아,위세,학교교육,커리큘럼,하락,형태,코스,중등교사
학과,436,일어일문학과,일본,일본어,문학,회화체,문화,외국어,작품,문장,고급,감상,경제,무역,관점,글로벌,선택,일본전문,민속,위세,전통문화,동북아
학과,440,임상병리학과,임상,검사,임상병리학,질병,인체,미생물,소변,혈액,임상병리사,의료,화학,진단,체액,병리,병원,의학,유전학,치료,병리학,의의
학과,442,자동차공학과,자동차,자동차공학,엔진,가스,전기,연소,수소,재료,구조,조립,생산,기계,정비,현상,모형,예상,복합,문제,회사,부품
학과,443,자동차과,자동차,정비,전기,부재,하중,부품,전자,장치,변형,기계,이론,종류,구조물,생산,예상,박물관,회사,산업,작동,기술
학과,445,자동차정비과,자동차,정비,장치,부품,엔진,전기,전지,성능,작동,기술,연료,작동원리,제어,기계,박물관,진단,전자,점검,구조,원리
학과,451,자율전공학부,선택,진로,전공,입학,사회,본인,자율,철학,학생,검사,회사,사회학,공학,과학기술,경제,윤리,시행,소양,일상생활,자신
학과,452,작곡과,작곡,악기,음악,창작,화성,예술,소리,이론,기능,전자,실습,작품,컴퓨터음악작곡,영혼,창작곡,예체능강사,실습곡,작곡법,음계,목관
학과,453,작업치료과,치료,작업치료,환자,아동,질환,증가,작업치료사,평가,장애,교통사고,산업재해,신경,손상,학습,인지,실습,증상,원인,정신사회작업치료학,정신장애
학과,454,장례지도과,장례,장례지도사,시신,장례식장,절차,서비스,위생,죽음,제도,사회,경영관리,체계,접근,한국,시청,상담,동영상,의미,시사점,제사
학과,457,재료과,재료,금속,신소재,주조공학,시대,산업현장,에너지,항공기,반도체,모형,제도,성질,기능,가공,전기,잠수함,철기,CATIA,청동기,표면처리
학과,460,전기ㆍ전자ㆍ통신공학교육과,전기,전자,통신,전기공학,교재,반도체,공업,전계,자계,전기회,소자,학습,회로,교육,위성,고등,교사,시스템,컴퓨터,제조업체
학과,459,전기공학과,전기,전기공학,디지털,회로,자계,전계,제어공학,생산,통신,전력,기술,위성,시스템,설계,에너지,디지털회,정상전류,잠시,전속밀,무인자동차엔지니어
학과,461,전기과,전기,에너지,전기전자회,전기설비,전기에너지,원자력,전자,원리,습득,위성,반도체,생활,생산,동작,시스템,제조업체,통신,장치,첨단,정리
학과,580,전기자동화과,자동,설계,전기,시스템,로봇,전기설비,기계,조립,전자,스마트팩토리,산업혁명,해석,컴퓨터,습득,기술,기계공학,제작,배전설비,설계법,로봇제어
학과,463,전기전자공학과,전기,전기전자공학,전기전자,전자,디지털,시스템,원리,통신,소자,전자회,컴퓨터,설계,위성,신호,구조,신호처리,전기자기학,전자유도현상,프로그래밍,제조
학과,464,전기전자과,전기전자,전기,전자,생산,반도체,전력산업,자동,전기에너지,계측,통신,방송,회로,전력,위성,발생,장비,이론,산업,기술,장치
학과,465,전기제어공학과,전기,공급,전자,시스템,설계법,제어,원리,통신,에너지,작동원리,전력,위성,생산,자동,센서,시간,디지털,해석,오실로스코프,전자유도현상
학과,469,전자공학과,전자,전자공학,통신,신호,컴퓨터,작동원리,위성,시스템,전기,방식,자동차,전자키트조립,전자공학기술,예제,밴드,다원,고체,컴퓨터프로그래밍,제조,물리
학과,470,전자과,전자,회로,디지털,전자회,전자기술,동작,설계,저항,전기,전자기기,실험,위성,신호,구성,산업,첨단,디지털회,기초전기이론,주파수,배양
학과,479,전통조리과,음식,요리,전통,식품,식생활,한국,급식,배경,웰빙,영양학,체계,센터,영양소,세계,보존,역사,문화,과학,한식,문화사
학과,484,정밀화학과,정밀화학,화학,유기화합물,기능,집약,회사,부가가치,부응,고도,특성,용도,반응,적성,제약,제품,산업,기초,특수,구조,중화학
학과,488,정보보호학과,보안,정보,정보보호학,네트워크,정보보안,컴퓨터,바이러스,인터넷,사물,출시,프로토콜,공격,코딩,정보보호,해킹,시스템,프로그래밍,원리,수학,정보기술
학과,490,정보통신공학과,통신,네트워크,정보통신공학,시스템,컴퓨터,기기,회사,신호,코딩,IT,정보,차세대,해석,프로그래밍,데이터,지능,정보통신,개념,학과,기술
학과,491,정보통신과,정보통신,통신,프로그래밍,네트워크,컴퓨터,디지털,기기,이동통신,회사,정보,IT,전달,문제해결,코딩,정보통신개론,위성통신,아날로그,중추신경,컴퓨터구조,CPU
학과,495,제어계측공학과,제어,제어계측공학,계측,자동,로봇,공학분야,기계,기술,생산설비,기업체,디지털,전기,해석,컴퓨터,역학,시스템,운동,측정,전자,설계
학과,496,제어계측과,제어계측,제어,계측,전기회,전기,자동,컴퓨터,기계분야,C언어,제어시스템,기업체,기술,시스템,공학,키트,로봇,조립,개발,설비,전자
학과,498,제지공학과,종이,제지,목재,제지공학,제조,펄프,실험,재료,소비량,택배,산림생태,가공,회사,생산,박물관,공정,전체,증가,인쇄용지,압착
학과,499,제철금속과,제철,철강,제철금속,성질,금속,기계,금속박람회,제철소,주조,재료,제련,제조,원료,자동,공정,설비,가공,주조공학,합금,주형
학과,500,제품디자인과,제품디자인,제품,디자인,회사,그래픽,예술,표현,디자이너,조명,환경,가구,고려,기능,설계,상품,창조,이성,첨단기기,D모델러,호환
학과,504,조리과학과,외식,조리과학,조리,식품,음식,창업,외식산업,식생활,건강,서비스,문화,실기,측면,전반,접점,접객,조리학,시설관리,실물,고객만족
학과,10037,조선과,선박,해양,선체,조선소,조선,건조,레저,요트,습득,대형,구조,규칙,견학,해석,조선해양산업,해상도시,정적,구조부재,적재,선박정비원
학과,507,조소학과,표현,인체,조각,미술,조소,예술,조형,미술해부학,열정,재료,조명,디자인,현대,기법,골격,양식,근육,제작업체,미술관,차원
학과,21021,조형과,조형,디자인,예술,조각,미술,표현,재료,개념,발굴,공간,지각,요소,조성,제작업체,미술관,현대,확대,전시회,노력,박물관
학과,508,조형디자인학과,조형,디자인,예술,조각,재료,미술,발굴,표현,공간,지각,요소,제작업체,미술관,현대,확대,안목,전시회,노력,박물관,개념
학과,510,종교교육과,기독교,신학,종교,교육,영역,성서,문화,연구,형성,고찰,근거,실제,성숙,교육사,기독교교육,진출,터전,선교사,교육방법,교육론
학과,511,종교학과,종교,종교학,문화,성서,영성,교회,인류,세상,진출,흐름,인문학,연구,종교문화,정신문화,오늘,유적지,공부,학계,맥락,사명
학과,598,주얼리디자인과,주얼리디자인,주얼리,장신구,디자인,귀금속,보석,독창,캐드,색채,생산,제품디자인,회사,패션,공부,표현,도면,고려,판매,습득,장식품
학과,514,중국어과,중국,중국어,문장,관광,문화,중국인,중국문화,무역,언어,경제,중점,중심,정치,실시,난이,기초중국어회화,회화체,관광서비스,완벽,아나운서
학과,516,중국학과,중국,중국어,경제,정치,문장,문화,드라마,회화,소통,무역,시청,문호,어문학,중국인,예문,지정학,사회,어법,방면,보강
