id,name,관련학과,관련자격
10113,지능형 로봇개발자,기계공학과전자공학과제어계측공학과메카트로닉스공학과,"로봇기구개발기사,로봇소프트웨어개발기사,로봇하드웨어개발기사"
10114,우주전파예보관,우주과학과전자공학과천문학과,
10115,디지털 헬스케어 기기 개발자,전기전자공학과컴퓨터공학과정보통신공학과응용소프트웨어공학과,
10116,신소재 개발 연구원,재료공학과신소재공학과화학공학과금속공학과세라믹공학과고분자공학과물리학과,
10117,인공지능 엔지니어,컴퓨터공학과전자공학과응용소프트웨어공학과수학과통계학과,
10118,데이터 라벨러,,데이터분석
10112,스마트공장 기술자,전기전자공학과기계공학과메카트로닉스공학과정보통신공학과컴퓨터공학과응용소프트웨어공학과,"정보처리기사,자동화설비산업기사"
10111,핀테크 전문가,경영학과경영정보학과회계학과IT융합학과응용소프트웨어공학과컴퓨터공학과,"정보처리기사,정보관리기술사,컴퓨터시스템응용기술사,사무자동화산업기사"
10110,양자 컴퓨팅 기술자,전자공학과컴퓨터공학과물리학과수학과,
10113,지능형 로봇개발자,기계공학과전자공학과제어계측공학과메카트로닉스공학과,"로봇기구개발기사,로봇소프트웨어개발기사,로봇하드웨어개발기사"
10114,우주전파예보관,우주과학과전자공학과천문학과,
10115,디지털 헬스케어 기기 개발자,전기전자공학과컴퓨터공학과정보통신공학과응용소프트웨어공학과,
10116,신소재 개발 연구원,재료공학과신소재공학과화학공학과금속공학과세라믹공학과고분자공학과물리학과,
10117,인공지능 엔지니어,컴퓨터공학과전자공학과응용소프트웨어공학과수학과통계학과,
10118,데이터 라벨러,,데이터분석
10112,스마트공장 기술자,전기전자공학과기계공학과메카트로닉스공학과정보통신공학과컴퓨터공학과응용소프트웨어공학과,"정보처리기사,자동화설비산업기사"
10111,핀테크 전문가,경영학과경영정보학과회계학과IT융합학과응용소프트웨어공학과컴퓨터공학과,"정보처리기사,정보관리기술사,컴퓨터시스템응용기술사,사무자동화산업기사"
10110,양자 컴퓨팅 기술자,전자공학과컴퓨터공학과물리학과수학과,
10113,지능형 로봇개발자,기계공학과전자공학과제어계측공학과메카트로닉스공학과,"로봇기구개발기사,로봇소프트웨어개발기사,로봇하드웨어개발기사"
10114,우주전파예보관,우주과학과전자공학과천문학과,
10115,디지털 헬스케어 기기 개발자,전기전자공학과컴퓨터공학과정보통신공학과응용소프트웨어공학과,
10116,신소재 개발 연구원,재료공학과신소재공학과화학공학과금속공학과세라믹공학과고분자공학과물리학과,
10117,인공지능 엔지니어,컴퓨터공학과전자공학과응용소프트웨어공학과수학과통계학과,
10118,데이터 라벨러,,데이터분석
10112,스마트공장 기술자,전기전자공학과기계공학과메카트로닉스공학과정보통신공학과컴퓨터공학과응용소프트웨어공학과,"정보처리기사,자동화설비산업기사"
10111,핀테크 전문가,경영학과경영정보학과회계학과IT융합학과응용소프트웨어공학과컴퓨터공학과,"정보처리기사,정보관리기술사,컴퓨터시스템응용기술사,사무자동화산업기사"
10110,양자 컴퓨팅 기술자,전자공학과컴퓨터공학과물리학과수학과,
10113,지능형 로봇개발자,기계공학과전자공학과제어계측공학과메카트로닉스공학과,"로봇기구개발기사,로봇소프트웨어개발기사,로봇하드웨어개발기사"
10114,우주전파예보관,우주과학과전자공학과천문학과,
10115,디지털 헬스케어 기기 개발자,전기전자공학과컴퓨터공학과정보통신공학과응용소프트웨어공학과,
10116,신소재 개발 연구원,재료공학과신소재공학과화학공학과금속공학과세라믹공학과고분자공학과물리학과,
10117,인공지능 엔지니어,컴퓨터공학과전자공학과응용소프트웨어공학과수학과통계학과,
10118,데이터 라벨러,,데이터분석
10112,스마트공장 기술자,전기전자공학과기계공학과메카트로닉스공학과정보통신공학과컴퓨터공학과응용소프트웨어공학과,"정보처리기사,자동화설비산업기사"
10111,핀테크 전문가,경영학과경영정보학과회계학과IT융합학과응용소프트웨어공학과컴퓨터공학과,"정보처리기사,정보관리기술사,컴퓨터시스템응용기술사,사무자동화산업기사"
10110,양자 컴퓨팅 기술자,전자공학과컴퓨터공학과물리학과수학과,
10113,지능형 로봇개발자,기계공학과전자공학과제어계측공학과메카트로닉스공학과,"로봇기구개발기사,로봇소프트웨어개발기사,로봇하드웨어개발기사"
10114,우주전파예보관,우주과학과전자공학과천문학과,
10115,디지털 헬스케어 기기 개발자,전기전자공학과컴퓨터공학과정보통신공학과응용소프트웨어공학과,
10116,신소재 개발 연구원,재료공학과신소재공학과화학공학과금속공학과세라믹공학과고분자공학과물리학과,
10117,인공지능 엔지니어,컴퓨터공학과전자공학과응용소프트웨어공학과수학과통계학과,
10118,데이터 라벨러,,데이터분석
10112,스마트공장 기술자,전기전자공학과기계공학과메카트로닉스공학과정보통신공학과컴퓨터공학과응용소프트웨어공학과,"정보처리기사,자동화설비산업기사"
10111,핀테크 전문가,경영학과경영정보학과회계학과IT융합학과응용소프트웨어공학과컴퓨터공학과,"정보처리기사,정보관리기술사,컴퓨터시스템응용기술사,사무자동화산업기사"
10110,양자 컴퓨팅 기술자,전자공학과컴퓨터공학과물리학과수학과,
10113,지능형 로봇개발자,기계공학과전자공학과제어계측공학과메카트로닉스공학과,"로봇기구개발기사,로봇소프트웨어개발기사,로봇하드웨어개발기사"
10114,우주전파예보관,우주과학과전자공학과천문학과,
10115,디지털 헬스케어 기기 개발자,전기전자공학과컴퓨터공학과정보통신공학과응용소프트웨어공학과,
10116,신소재 개발 연구원,재료공학과신소재공학과화학공학과금속공학과세라믹공학과고분자공학과물리학과,
10117,인공지능 엔지니어,컴퓨터공학과전자공학과응용소프트웨어공학과수학과통계학과,
10118,데이터 라벨러,,데이터분석
10112,스마트공장 기술자,전기전자공학과기계공학과메카트로닉스공학과정보통신공학과컴퓨터공학과응용소프트웨어공학과,"정보처리기사,자동화설비산업기사"
10111,핀테크 전문가,경영학과경영정보학과회계학과IT융합학과응용소프트웨어공학과컴퓨터공학과,"정보처리기사,정보관리기술사,컴퓨터시스템응용기술사,사무자동화산업기사"
10110,양자 컴퓨팅 기술자,전자공학과컴퓨터공학과물리학과수학과,
10113,지능형 로봇개발자,기계공학과전자공학과제어계측공학과메카트로닉스공학과,"로봇기구개발기사,로봇소프트웨어개발기사,로봇하드웨어개발기사"
10114,우주전파예보관,우주과학과전자공학과천문학과,
10115,디지털 헬스케어 기기 개발자,전기전자공학과컴퓨터공학과정보통신공학과응용소프트웨어공학과,
10116,신소재 개발 연구원,재료공학과신소재공학과화학공학과금속공학과세라믹공학과고분자공학과물리학과,
10117,인공지능 엔지니어,컴퓨터공학과전자공학과응용소프트웨어공학과수학과통계학과,
10118,데이터 라벨러,,데이터분석
10112,스마트공장 기술자,전기전자공학과기계공학과메카트로닉스공학과정보통신공학과컴퓨터공학과응용소프트웨어공학과,"정보처리기사,자동화설비산업기사"
10111,핀테크 전문가,경영학과경영정보학과회계학과IT융합학과응용소프트웨어공학과컴퓨터공학과,"정보처리기사,정보관리기술사,컴퓨터시스템응용기술사,사무자동화산업기사"
10110,양자 컴퓨팅 기술자,전자공학과컴퓨터공학과물리학과수학과,
10113,지능형 로봇개발자,기계공학과전자공학과제어계측공학과메카트로닉스공학과,"로봇기구개발기사,로봇소프트웨어개발기사,로봇하드웨어개발기사"
10114,우주전파예보관,우주과학과전자공학과천문학과,
10115,디지털 헬스케어 기기 개발자,전기전자공학과컴퓨터공학과정보통신공학과응용소프트웨어공학과,
10116,신소재 개발 연구원,재료공학과신소재공학과화학공학과금속공학과세라믹공학과고분자공학과물리학과,
10117,인공지능 엔지니어,컴퓨터공학과전자공학과응용소프트웨어공학과수학과통계학과,
10118,데이터 라벨러,,데이터분석
10112,스마트공장 기술자,전기전자공학과기계공학과메카트로닉스공학과정보통신공학과컴퓨터공학과응용소프트웨어공학과,"정보처리기사,자동화설비산업기사"
10111,핀테크 전문가,경영학과경영정보학과회계학과IT융합학과응용소프트웨어공학과컴퓨터공학과,"정보처리기사,정보관리기술사,컴퓨터시스템응용기술사,사무자동화산업기사"
10110,양자 컴퓨팅 기술자,전자공학과컴퓨터공학과물리학과수학과,
10113,지능형 로봇개발자,기계공학과전자공학과제어계측공학과메카트로닉스공학과,"로봇기구개발기사,로봇소프트웨어개발기사,로봇하드웨어개발기사"
10114,우주전파예보관,우주과학과전자공학과천문학과,
10115,디지털 헬스케어 기기 개발자,전기전자공학과컴퓨터공학과정보통신공학과응용소프트웨어공학과,
10116,신소재 개발 연구원,재료공학과신소재공학과화학공학과금속공학과세라믹공학과고분자공학과물리학과,
10117,인공지능 엔지니어,컴퓨터공학과전자공학과응용소프트웨어공학과수학과통계학과,
10118,데이터 라벨러,,데이터분석
10112,스마트공장 기술자,전기전자공학과기계공학과메카트로닉스공학과정보통신공학과컴퓨터공학과응용소프트웨어공학과,"정보처리기사,자동화설비산업기사"
10111,핀테크 전문가,경영학과경영정보학과회계학과IT융합학과응용소프트웨어공학과컴퓨터공학과,"정보처리기사,정보관리기술사,컴퓨터시스템응용기술사,사무자동화산업기사"
10110,양자 컴퓨팅 기술자,전자공학과컴퓨터공학과물리학과수학과,
10113,지능형 로봇개발자,기계공학과전자공학과제어계측공학과메카트로닉스공학과,"로봇기구개발기사,로봇소프트웨어개발기사,로봇하드웨어개발기사"
10114,우주전파예보관,우주과학과전자공학과천문학과,
10115,디지털 헬스케어 기기 개발자,전기전자공학과컴퓨터공학과정보통신공학과응용소프트웨어공학과,
10116,신소재 개발 연구원,재료공학과신소재공학과화학공학과금속공학과세라믹공학과고분자공학과물리학과,
10117,인공지능 엔지니어,컴퓨터공학과전자공학과응용소프트웨어공학과수학과통계학과,
10118,데이터 라벨러,,데이터분석
10112,스마트공장 기술자,전기전자공학과기계공학과메카트로닉스공학과정보통신공학과컴퓨터공학과응용소프트웨어공학과,"정보처리기사,자동화설비산업기사"
10111,핀테크 전문가,경영학과경영정보학과회계학과IT융합학과응용소프트웨어공학과컴퓨터공학과,"정보처리기사,정보관리기술사,컴퓨터시스템응용기술사,사무자동화산업기사"
10110,양자 컴퓨팅 기술자,전자공학과컴퓨터공학과물리학과수학과,
10109,나노공학 기술자,재료공학과신소재공학과금속공학과물리학과기계공학과나노공학과,"금속재료기사,금속재료산업기사,화공기사"
10108,배터리 기술자,기계공학과화학공학과전자공학과전기공학과재료공학과신소재공학과물리학과화학과,"금속재료기사,전자기사,전기기사,화공기사"
10107,디스플레이 개발자,전자공학과컴퓨터공학과전기공학과,"전자기사,전기기사,전파전자통신기사"
10102,감성인식기술전문가,생명공학과전자공학과컴퓨터과학과,
10103,개인형 이동수단 개발자,기계공학과자동차공학과전기공학과전자공학과,"기계조립산업기사,기계설계기사"
10104,유전자 재조합 식품 전문가,생명공학과생명과학과식품공학과,"식품기술사,농산물품질관리사"
10105,태양광발전연구 및 개발자,기계공학과재료공학과전기공학과전자공학과화학과,"신재생에너지발전설비기사(태양광),신재생에너지발전설비산업기사(태양광)"
10106,스마트팜 운영자,농수산과생명공학과,"종자기사,유기농업기사,농화학기술사,토양환경기사,농업기계기사,기계설계기사,농기계정비기능사"
10101,메타버스 크리에이터,디지털디자인과디지털콘텐츠학과게임공학과게임콘텐츠과,"멀티미디어콘텐츠제작전문가,게임그래픽전문가,컴퓨터그래픽스운용기능사"
262,기자,경제학과국어국문학과사회학과신문방송학과언론홍보학과정치외교학과행정학과,
1151,종이제품생산직(기계조작),,
132,철도 및 지하철기관사,기계공학과기계과전기공학과전기과전기전자공학과전기전자과제어계측공학과제어계측과철도교통과철도운전과철도전기제어과,철도차량운전면허
951,행사기획자,경영학과광고기획과문예창작과문예창작학과산업디자인과산업디자인학과신문방송학과연극영화과연극영화학과이벤트연출과컨벤션산업과,컨벤션기획사2급
1,가스ㆍ수도ㆍ전기 계기 검침원 및 안전점검원,,
380,상담전문가,가족복지과사회복지과사회복지상담과사회복지학과교육학과아동학과아동복지학과심리학과청소년지도학과아동복지과노인복지학과,"전문상담교사,청소년상담사 ,임상심리사"
10059,평등관리사무원,법학과심리학과사회학과,
264,통역가,영어영문학과독어독문학과러시아어문학과불어불문학과스페인어학과아프리카어과유럽ㆍ기타어과일본어과일어일문학과중국어과중어중문학과,
1152,가구조립 및 검사원,,"가구제작기능사,목공예기능사"
133,철도차량정비원,철도교통과철도운전과철도전기제어과,"철도차량산업기사,철도차량정비기능사"
952,화학공학기술자,고분자공학과공업화학과정밀화학과화학공업과화학공학과화학과,"화공기사,화공기술사,화공안전기술사,화약류관리기사,화약류관리기술사,화약류관리산업기사,화약류제조기사,화약류제조산업기사,화학분석기능사"
5,일기예보관,대기과학과천문학과,"기상예보기술사,기상기사,기상감정기사"
383,우편물집배원,,자동차운전면허
10060,애견테라피스트,반려동물과,
265,리포터,국어국문학과신문방송학과언론홍보학과,KBS한국어능력시험
1153,포장원,,
137,토목공학기술자,건축학과토목공학과토목과,"토목산업기사,토목구조기술사,토목시공기술사,토질및기초기술사,토목품질시험기술사,도로및공항기술사,철도기술사,수자원개발기술사,측량및지형공간정보기술사,농어업토목기술사"
954,화훼재배기술자,원예과원예학과,"시설원예기사,시설원예기술사,화훼장식기능사,화훼장식기사"
6,기상연구원,대기과학과천문학과,"기상기사,기상예보기술사,기상감정기사"
384,성직자,종교교육과신학과불교학과기독교학과,
10061,유전상담사,생물학과심리학과생명과학과유전공학과,
266,드라마작가,국어국문학과문예창작과문예창작학과,
1154,채소 및 특용작물재배자,농수산과식물자원학과,"농기계운전기능사,농기계정비기능사,농업기계기사,농업기계산업기사"
138,통신공학 기술자 및 연구원,전기공학과전기전자공학과전기제어공학과전자공학과정보통신공학과정보통신과,"정보통신산업기사,정보통신기사,통신설비기능장,정보통신기술사,전파전자통신산업기사,전파전자통신기사,방송통신산업기사,방송통신기사"
957,평론가,국어국문학과문예창작학과미디어영상학과미술학과실용음악과연극영화과연극영화학과음악학과,
8,물리학연구원,물리학과지구환경과학과,
385,소방관,응급구조과소방안전관리과,자동차운전면허
10062,학습장애간호사,언어재활과간호학과간호과특수교육학과언어치료학과유아특수재활과,"정신건강간호사,간호사"
267,번역가,독어독문학과러시아어문학과러시아학과불어불문학과스페인어학과아프리카어과영어과영어영문학과영어학과일본어과일어일문학과중국어과중어중문학과,
1155,과수작물재배자,원예과식물자원학과원예학과농수산과,"시설원예기사,시설원예기술사,종자기술사,종자기사,종자산업기사,종자기능사"
139,통신케이블설치 및 수리원,전기과전기전자과전자과정보통신과,"정보통신산업기사,정보통신기사,정보통신기술사"
963,원예기술자,식물자원학과원예과원예학과,"시설원예기사,시설원예기술사"
10,방사선사,방사선과,방사선사
386,언어치료사,언어치료학과특수교육학과,언어재활사
10063,사설탐정,법학과경찰행정과경찰행정학과,
268,사서,문헌정보학과,사서
1156,조림 영림 및 벌목원,산림자원학과,"산림기사,산림기술사,산림산업기사,임업종묘기능사,임업종묘기사,종자기능사,종자기사,종자기술사,종자산업기사"
140,통신장비기사,스마트정보과정보통신공학과정보통신과컴퓨터공학과컴퓨터소프트웨어과컴퓨터응용기계과,"전기기능사,전기기능장,전기산업기사,전기기사,전자기사,통신기기기능사"
966,안무가,무용과무용학과,
13,생물학연구원,생물학과,
388,여행안내원,관광경영학과관광경영과관광통역과문화관광과,"관광통역안내사,국내여행안내사,국외여행인솔자"
10064,범죄과학수사관,IT융합학과법학과컴퓨터공학과경찰행정학과경찰행정과,
269,정치학연구원,정치외교학과,
1157,원양어부,,"어업기술사,어로산업기사,어업생산관리기사,잠수기능사,잠수산업기사"
142,트럭운전기사,,자동차운전면허
968,시인,국어국문학과문예창작과문예창작학과,
15,수의사,동물자원학과생물학과수의학과,수의사
390,신호원 및 수송원,철도운전과철도전기제어과,"철도신호기사,철도신호기술사,철도신호산업기사,철도전기신호기능사"
10065,야외활동지도사,레저스포츠과레저스포츠학과체육학과,
270,성우,방송연예과연극영화과연극영화학과,
1158,자동조립라인 및 산업용로봇조작원,기계공학과컴퓨터응용기계과기계과기계설계공학과,
143,판금원,기계과,판금제관기능장
973,소설가,국어국문학과문예창작과문예창작학과,
17,수학연구원,수학과통계학과,
391,운동경기심판,사회체육학과사회체육과체육학과,
10066,스포츠기록분석연구원,스포츠지도학과통계학과컴퓨터공학과,
271,아나운서,국어국문학과방송영상과사회학과신문방송학과언론홍보학과연극영화과연극영화학과,
1255,수질환경연구원,환경공학과환경과학과환경보건학과,"수질관리기술사,수질환경기사,수질환경산업기사"
144,펄프 및 종이 생산직,,임산가공기사
975,사진사,사진영상학과,사진기능사
19,의료장비기사,의료정보공학과메카트로닉스공학과전기전자공학과의료보장구과의료정보시스템과전기공학과,
392,스포츠트레이너,사회체육학과사회체육과물리치료과체육학과물리치료학과체육교육과,"스포츠지도사,건강운동관리사"
10067,비디오게임디자이너,게임공학과게임콘텐츠과디지털디자인과멀티미디어학과애니메이션과,
272,언어학연구원,언어과학과,
1256,커플매니저,이벤트연출과미용과패션디자인과,
145,재활용 처리 및 소각로 조작원,보건환경과환경공업과환경시스템과환경화학과,"대기환경산업기사,대기환경기사,폐기물처리산업기사,폐기물처리기사,폐기물처리기술사,환경기능사"
976,사진기자,,사진기능사
20,심리학연구원,심리학과,
395,유치원교사,유아교육과유아교육학과,정교사
10068,게임감시관 및 조사관,스포츠마케팅학과관광경영학과경호학과,
273,역사학연구원,고고학과사학과,
1257,병원코디네이터,보건행정과비서행정학과보건관리학과보건행정학과비서행정과,
147,플라스틱제품제조원,기계과화학공업과화학과,
978,보일러공,,"에너지관리기능장,에너지관리기사,에너지관리산업기사,에너지관리기능사"
21,안경사,광학공학과안경광학과,안경사
396,음악치료사,음악학과실용음악학과심리학과,
10069,목소리코치,언어과학과언론홍보학과신문방송학과,
278,카피라이터,광고홍보학과국어국문학과문예창작과문예창작학과,
1259,마술사,레크리에이션과,
148,항공교통관제사,교통공학과정보통신공학과정보통신과컴퓨터공학과항공우주공학과,항공교통관제사
985,공업기계설치 및 정비원,,"기계정비기능사,기계가공조립기능사,기계조립산업기사,항공기관정비기능사"
23,약사 및 한약사,약학부한약학과,"약사,한약사"
397,응급구조사,응급구조학과응급구조과,응급구조사
10070,무인항공촬영감독,무인항공드론과무인항공학과미디어영상학과,
280,가수,성악과실용음악과실용음악학과음악과음악학과작곡과,
1276,파티플래너,이벤트연출과,
149,항공기정비원,기계공학과기계과전기공학과전기과전기제어공학과제어계측공학과제어계측과항공우주공학과항공정비과,"항공기체기술사,항공기관기술사,항공정비사"
988,인문사회계열교수,경제학과국어국문학과사학과사회학과심리학과영어영문학과철학과,
24,유전공학연구원,생명과학과유전공학과,바이오화학제품제조기사
398,임상심리사,심리학과,"정신건강임상심리사,임상심리사"
10071,동물랭글러,심리학과축산학과수의학과,
281,개그맨,방송연예과연극영화과연극영화학과,
1277,건축사,건축과건축공학과실내디자인과실내디자인학과,"건축사,건설기계기술사,건축구조기술사"
150,비행기조종사,항공우주공학과항공운항학과,"사업용조종사,운송용조종사,자가용조종사"
994,환경컨설턴트,환경공학과화학공학과환경과학과화학과,"대기환경기사,산업위생관리기사,소음진동기사,수질환경기사,자연생태복원산업기사,자연환경관리기술사,토양환경기술사,폐기물처리기사,폐기물처리기술사,폐기물처리산업기사,환경기능사"
25,전문의사,의예과,의사
400,운동감독,사회체육과사회체육학과체육학과,스포츠지도사
10072,웹툰작가,만화창작과애니메이션과만화애니메이션학과,
283,광고기획자,광고기획과광고홍보학과신문방송학과심리학과사회학과,
1278,행정부고위공무원,행정학과경영학과행정과법학과,
151,항공우주공학기술자,항공우주공학과,"항공기사,항공기체기술사,항공기관기술사"
995,에너지공학기술자,에너지자원공학과원자력공학과,"방사선관리기술사,방사선취급감독자,에너지관리기사,에너지관리산업기사,원자력기사,원자력발전기술사,핵연료물질취급감독자,핵연료물질취급자"
29,지리학연구원,지리학과,
401,작업치료사,작업치료과작업치료학과,작업치료사
10073,아쿠아리스트,수산학과해양생명과학과해양자원학과,"수산양식기사,수산질병관리사,수질환경기사"
284,간판제작원,광고디자인학과공예디자인학과광고디자인과산업디자인과시각디자인과공업디자인과,"옥외광고사,광고도장기능사"
1279,헤드헌터,경영학과국제학부사회학과정치외교학과,
153,화학제품제조원,화학공학과,"화약류제조산업기사,화약류제조기사,화공기사,화약류관리산업기사,화약류관리기사,화약류관리기술사"
997,토양환경기술자,환경보건학과환경공학과지질학과환경과학과,"자연생태복원산업기사,자연환경관리기술사,토양환경기술사"
30,지질학연구원,지질학과지구정보공학과,"응용지질기사,지질및지반기술사"
403,장례지도사,장례지도과,장례지도사
10074,범죄심리분석관(프로파일러),심리학과사회학과경찰행정학과,
285,광고디자이너,광고디자인과디지털디자인과시각디자인과시각디자인학과컴퓨터디자인학과,"시각디자인기사,시각디자인산업기사,컴퓨터그래픽스운용기능사"
1281,환경영향평가원,환경공학과환경과학과해양공학과화학공학과산림자원학과,"대기환경기사,소음진동기사,수질환경기사,토양환경기사,대기관리기술사,소음진동기술사,수질관리기술사,자연환경관리기술사"
155,바닥재시공원,건축공학과건축과토목과도시건설과,타일기능사
1004,환경설비기술자,환경공학과보건환경과환경과학과환경시스템과,"수질환경기사,수질환경산업기사,토양환경기술사,폐기물처리기사,폐기물처리기술사,폐기물처리산업기사"
31,천문학연구원,대기과학과우주과학과천문학과,
404,전화교환원,,
10075,다문화코디네이터,사회복지학과청소년지도학과교육학과,
286,국악인,국악학과,
1282,대체에너지개발연구원,에너지자원공학과환경공학과화학공학과전자공학과금속공학과재료공학과,
157,반도체공학기술자,반도체학과신소재공학과전기공학과전기전자공학과전자공학과,
1006,해양환경기사,해양자원학과해양공학과,"수질환경기사,수질환경산업기사,해양공학기사,해양자원개발기사,해양조사산업기사,해양환경기사"
32,측량사,건축공학과지구정보공학과측지정보과기계공학과도시공학과물리학과지구환경과학과통계학과천문학과수학과토목공학과지적과건축학과건축과지적학과지리학과,"측량기능사,측량및지형공간정보기사,측량및지형공간정보기술사,측량및지형공간정보산업기사,지적기술사,지적기사,지적산업기사"
405,주택관리사,,주택관리사보
10076,모바일앱개발자,컴퓨터공학과소프트웨어공학과게임공학과정보통신과정보통신공학과컴퓨터소프트웨어과,"전자계산기기능사,전자계산기제어산업기사,전자계산기기사,정보처리기능사,정보처리산업기사,정보처리기사,컴퓨터시스템응용기술사,마이크로소프트 인증 전문가 자격증(MCP),오라클 자격인증제도"
288,네일아티스트,미용과뷰티미용학과피부미용과,미용사(네일)
1431,음악강사,음악과음악학과음악교육과실용음악과기악과피아노학과,
159,"가구제조,수리원",,"가구제작기능사,목공예기능사"
1007,상수도기술자,환경공학과토목공학과환경보건학과환경과학과,"상하수도기술사,수질관리기술사,수질환경기사,수질환경산업기사"
33,치과기공사,치기공과,치과기공사
406,인문계중등학교교사,국어교육과윤리교육과미술교육과영어교육과체육교육과음악교육과사회교육과역사교육과일반사회교육과지리교육과한문교육과일어교육과독일어교육과불어교육과종교교육과,정교사
10077,SNS 마케터,신문방송학과경영학과마케팅경영과,
291,만화가,만화애니메이션학과,
1432,베타테스터,게임콘텐츠과컴퓨터소프트웨어과컴퓨터공학과컴퓨터과학과벤처창업학과,
162,식품공학기술자,생명과학과식품가공과식품공학과식품영양과식품영양학과식품조리과조리과학과,"영양사,위생사,식품산업기사,식품기사,식품기술사"
1009,환경위생검사원,환경보건학과환경과학과환경시스템과환경공학과보건환경과,"대기관리기술사,대기환경기사,대기환경산업기사,산업위생관리기사,산업위생관리기술사,산업위생관리산업기사,위생사"
34,치과의사,치의예과,치과의사
407,직업군인,부사관과군사학과,
10078,국제개발협력전문가,국제관계학과스페인어학과불어불문학과국제학부,
293,메이크업아티스트,메이크업아티스트과미용과코디네이션과,미용사(메이크업)
1433,발명가,벤처창업학과,
163,도축원 및 육류가공원,동물자원학과,
1010,방사성폐기물관리원,원자력공학과,"원자력기사,원자력발전기술사,핵연료물질취급자"
36,통계학연구원,수학과통계학과,"사회조사분석사,정보처리기능사,정보처리기사,정보처리산업기사"
408,직업상담 및 취업알선원,교육학과행정학과사회복지상담과심리학과사회복지학과경제학과경영학과,직업상담사
10079,창업컨설턴트,경영학과부동산학과창업경영과,
294,모델,모델과방송연예과연극영화과,
1436,신약개발연구원,생명공학과화학공학과생명과학과유전공학과생화학과,
164,양장사 및 양복사,섬유디자인과섬유디자인학과의류ㆍ의상학과패션디자인과,"양장기능사,양복기능사"
1061,국회의원,법학과국제학부사회학과정치외교학과경제학과경영학과행정학과,
37,한의사,한의예과,한의사
409,직업능력개발훈련교사,경영학과광고기획과금융보험학과소방방재학과소방안전관리과사회복지학과청소년지도학과아동학과건축공학과기계공학과메카트로닉스공학과화학공학과,직업능력개발훈련교사
10080,공정무역전문가,국제학부국제통상학과,
295,패턴사,섬유디자인과섬유디자인학과의류ㆍ의상학과패션디자인과,"양복기능사,양장기능사,패션디자인산업기사,한복기능사,한복산업기사"
1437,스포츠해설가,체육학과,
165,설문조사원,경영학과교육학과통계학과행정학과,사회조사분석사
1068,마케팅전문가,스포츠마케팅학과경영학과심리학과,
38,해부학연구원,수의학과생화학과생물학과의예과,
410,초등학교교사,초등교육과,정교사
296,무대감독,미디어영상학과미술학과연극영화과연극영화학과,
1438,카레이서,자동차과,자동차운전면허
166,세탁원,,세탁기능사
1076,자동차공학기술자,자동차공학과기계공학과자동차과,"자동차정비기능사,자동차정비기능장,자동차정비기사,자동차정비산업기사,자동차차체수리기능사"
39,해양학연구원,해양공학과해양시스템학과해양자원학과,
411,치과위생사,치위생과,치과위생사
298,무용가,무용과무용학과,
1439,캐스팅디렉터,연극영화과연극영화학과영화과방송연예과,
167,소믈리에,관광경영과관광경영학과식품영양학과식품조리과외식산업과외식산업학과호텔경영과,
1078,대형트럭 및 특수차운전원,전기공학과기계과자동차과전기과자동차공학과기계공학과,
40,화학연구원,화학과생화학과화학공학과,
412,캐디,,
299,문화재보존원,고고학과문화재보존학과사학과역사교육과,"국가유산수리기능자,국가유산수리기술자"
1440,일반의사,의예과,의사
169,영양사,식품가공과식품공학과식품영양과식품영양학과식품조리과,영양사
1080,환경공학기술자 및 연구원,공업화학과환경과학과화학공업과환경공업과환경공학과,"대기환경기사,대기환경산업기사,수질환경기사,수질환경산업기사,해양환경기사,환경기능사"
41,가전제품 설치 및 수리원,전자공학과전기공학과전기과전기전자과전기전자공학과전자과,"전기산업기사,전기응용기술사,전자기능사,전자기능장,전자기사,전자산업기사,전자응용기술사"
413,특수교사,특수교육학과,정교사
301,방송연출가,신문방송학과언론홍보학과광고홍보학과국어국문학과문예창작과문예창작학과방송영상과방송제작과사회학과연극영화과연극영화학과영상제작과,
1441,작가,문예창작학과문예창작과국어국문학과,
171,전통식품제조원,식품영양과식품영양학과식품조리과전통조리과조리과학과,"한식조리기능사,조리기능장"
1081,해양공학기술자,지구해양과학과환경과학과해양시스템학과해양공학과환경화학과환경공학과환경공업과해양자원학과,"해양공학기사,해양기술사,해양자원개발기사,해양조사산업기사,해양환경기사"
42,건설공사품질관리원,건축과토목과토목공학과건축학과건축공학과도시건설과,"건설재료시험기능사,건설재료시험기사,건설재료시험산업기사,건축품질시험기술사,토목품질시험기술사"
414,판사,법학과,변호사
303,연기자,방송연예과연극영화과영화과,
1541,자연과학연구원,화학과천문학과지리학과통계학과수학과지질학과물리학과대기과학과,
172,제과사 및 제빵사,식품가공과식품영양과식품영양학과식품조리과제과제빵과호텔조리과,"제과기능사,제과기능장,제빵기능사"
1087,전자 부품 및 제품 생산직,전자과전기공학과전기과전자공학과전기전자공학과,"전기산업기사,전자기능사,전자기능장,전자기사,전자산업기사,전자응용기술사"
46,건축공학기술자,건축학과건축과건축공학과,"건축구조기술사,건축기사,건축목공산업기사,건축목재시공기능장,건축사,건축산업기사,건축설비기사,건축설비산업기사,건축시공기술사,건축일반시공기능장,건축일반시공산업기사,건설안전기사,건축기계설비기술사"
415,프로바둑기사,,
304,백댄서(백업댄서),무용과무용학과,
10001,3D 프린팅 전문가,컴퓨터공학과재료공학과기계공학과,"3D프린터운용기능사,3D프린터개발산업기사"
173,조리사 및 주방장,외식조리과식품영양학과식품영양과식품영양학과식품조리과외식조리과전통조리과조리과학과호텔조리과,"한식조리기능사,양식조리기능사,일식조리기능사,조리기능장,중식조리기능사,복어조리기능사,한식조리산업기사,중식조리산업기사,일식조리산업기사,양식조리산업기사,복어조리산업기사"
1088,스포츠에이전트,체육학과사회체육학과스포츠건강관리학과법학과경제학과경영학과,
47,타이어 및 고무제품 생산직,기계과화학공업과화학과,
416,피부관리사,피부미용과,미용사(피부)
305,보석디자이너,공예디자인학과공예학과금속공예학과,
10002,홀로그램 전문가,그래픽디자인과전자공학과물리학과컴퓨터공학과시각디자인학과,
174,가축사육자,축산학과농수산과농업경제학과농업교육과축산과축산학과,"가축인공수정사,축산기능사,축산기사,축산기술사,축산산업기사"
1089,자연계중등학교교사,물리교육과가정교육과지구과학교육과교육학과화학교육과수학교육과,정교사
48,공작기계조작원,기계공학과기계설계공학과기계과,"컴퓨터응용밀링기능사,컴퓨터응용선반기능사"
417,학원강사,미술교육과미술학과수학과수학교육과식품영양학과식품조리과영어교육과영어학과,정교사
306,분장사,미용과피부미용과,미용사(메이크업)
10003,UX 디자인 컨설턴트,시각디자인학과산업디자인학과심리학과사회학과,
175,한복사,섬유디자인학과패션산업과패션디자인학과의류ㆍ의상학과,"한복기능사,한복기능장"
1090,콘크리트공,,"콘크리트기능사,콘크리트기사,콘크리트산업기사"
49,광원 및 채석원,,"광산보안기능사,광산보안기사,광산보안산업기사,화약류관리기사,화약류관리기술사,화약류관리산업기사,화약취급기능사"
418,비행기승무원,항공서비스과항공서비스학과,
309,비디오저널리스트(VJ),신문방송학과,
10004,도시 재생 전문가,행정학과도시계획학과도시공학과건축학과건축공학과토목공학과,"도시계획기사,도시계획기술사,건축기사,건축사,농어촌개발컨설턴트"
176,선장 및 항해사,해양공학과해양시스템학과메카트로닉스공학과항해학과기계공학과기계과항해학과,"기관사,소형선박조종사,운항사,통신사,항해사,해양기술사"
1092,GIS전문가,스마트정보과지적학과지질학과인터넷정보학과지구정보공학과정보통신공학과지리학과,"지적기술사,지적기사,지적산업기사,지적기능사,지질및지반기술사,측량및지형공간정보기술사,측량및지형공간정보기사,측량및지형공간정보산업기사,도화기능사,지도제작기능사"
50,제화원,,신발제조기능사
419,홍보도우미,모델과이벤트연출과,
310,사진작가,사진영상학과,사진기능사
10005,스마트 도시 전문가,도시계획학과도시공학과,"도시계획기술사,도시계획기사,교통기술사,교통기사,교통산업기사,도로및공항기술사"
177,푸드스타일리스트,외식조리과호텔조리과식품영양과식품영양학과식품조리과외식조리과푸드스타일링과,"제과기능사,제빵기능사"
1093,가상현실전문가,컴퓨터공학과컴퓨터과학과컴퓨터디자인학과컴퓨터응용기계과컴퓨터소프트웨어과,"시각디자인기사,시각디자인산업기사,정보처리기사,컴퓨터그래픽스운용기능사"
52,금속가공장치조작원,재료공학과금속공학과제철금속과재료과신소재공학과신소재응용과,"제강기능사,제강기능장,제선기능사,제선기능장"
421,스포츠강사,체육학과체육교육과레크리에이션과사회체육과사회체육학과,스포츠지도사
311,사진인화 및 현상관련조작원,방송영상과사진영상학과,사진기능사
10006,곤충 음식 개발자·조리사,식품영양학과농수산과,"양식조리기능사,식품기사,식품산업기사"
178,쇼핑호스트,국어국문학과미디어영상학과미디어학과방송영상과사회학과광고홍보학과언론홍보학과연극영화과연극영화학과방송연예과,
1096,웹프로듀서,산업디자인학과영상콘텐츠과정보통신공학과멀티미디어학과컴퓨터공학과시각디자인과정보통신과산업디자인과멀티미디어과시각디자인학과,
53,금속공학기술자,재료공학과신소재공학과제철금속과금속공학과,"금속가공기술사,금속재료기사,금속재료기능장,금속재료기술사,금속재료산업기사,금속재료시험기능사,열처리기능사,원형기능사,주조기능사,주조기능장,주조산업기사,자동화설비산업기사,자동화설비기능사,자기비파괴검사기능사,자기비파괴검사기사,자기비파괴검사산업기사,화공기사,화공기술사,기계조립산업기사,전기기사,전기산업기사,정밀측정산업기사,초음파비파괴검사기사,초음파비파괴검사산업기사"
426,택시운전기사,,자동차운전면허
313,성악가,성악과,
10007,정밀 농업기술자,농수산과생물학과생물산업기계공학과식물자원학과,"농기계정비기능사,농업기계기사,농업기계산업기사,유기농업기사,유기농업산업기사,유기농업기능사,원예기능사,시설원예기술사,시설원예기사"
179,체형관리사,사회체육학과체육학과식품영양학과외식조리과조리과학과사회체육과식품영양과,"스포츠지도사,영양사"
1097,프로게이머,게임공학과게임콘텐츠과,
54,금형원,기계공학과신소재공학과금속공학과안경광학과금형설계과제어계측공학과기계과,"금형기능사,금형기술사,금형기능장,사출금형산업기사,사출금형기사,프레스금형산업기사,프레스금형기사"
427,웨딩플래너,패션디자인과미용과이벤트연출과,
314,스턴트맨,방송연예과연극영화과연극영화학과영화과,
10008,스마트 팜 구축가,농수산과생명공학과,
180,바리스타,제과제빵과외식조리과식품조리과,
1100,군무원,,
56,기계공학 기술자ㆍ연구원,자동차공학과기계설계공학과기계공학과조선공학과항공우주공학과,"건설기계설비기사,건설기계기술사,건설기계설비산업기사,기계기술사,기계설계산업기사,농업기계기사,농업기계산업기사,전산응용기계제도기능사,기계설계기사"
428,호스피스전문간호사,간호학과,간호사
316,플로리스트,원예과원예학과,"화훼장식기능사,화훼장식기사"
10009,스마트 의류 개발자,패션산업과패션디자인학과전기전자공학과섬유공학과,"섬유기사,섬유산업기사,의류기사"
182,농업기술자,농수산과,"농업기계기사,농업기계산업기사,농화학기술사,유기농업기사,종자기능사,종자기사,종자기술사,종자산업기사,축산기능사,축산기사,축산기술사,축산산업기사,유기농업산업기사,유기농업기능사"
1101,신용관련추심원,,신용관리사
57,섬유공학기술자,섬유공학과재료공학과의류ㆍ의상학과신소재응용과신소재공학과,"섬유기사,섬유기술사,섬유디자인산업기사,섬유산업기사,의류기사,의류기술사"
429,통신엔지니어,정보통신공학과,"무선설비기사,전파전자통신기사,정보통신기사,정보통신기술사,RFID기술자격검정"
317,연주가,관현악과기악과성악과음악과음악학과작곡과피아노학과,
10010,원격진료 코디네이터,간호학과약학부의예과의료정보공학과의료정보시스템과보건행정과보건행정학과,"간호사,전문간호사,국제의료관광코디네이터,병원행정사"
183,곡식작물재배자,농수산과식물자원학과,"농기계운전기능사,농기계정비기능사,농업기계기사,농업기계산업기사"
1102,장학사,영어교육과교육학과교육공학과일반사회교육과화학교육과국어교육과수학교육과윤리교육과독일어교육과불어교육과역사교육과지리교육과한문교육과물리교육과과학교육과지구과학교육과생물교육과미술교육과,
58,냉동기사,냉동공조공학과,"공조냉동기계기능사,공조냉동기계기사,공조냉동기계기술사,공조냉동기계산업기사"
430,네트워크엔지니어,인터넷정보학과정보통신과컴퓨터소프트웨어과컴퓨터과학과컴퓨터공학과정보통신공학과소프트웨어공학과컴퓨터응용기계과,"전자계산기기능사,전자계산기기사,전자계산기제어산업기사,정보관리기술사,정보처리산업기사,정보처리기사,정보통신산업기사,정보통신기사,컴퓨터시스템응용기술사"
318,악기제조원,,"피아노조율기능사,피아노조율산업기사"
10011,노년 플래너,건강관리과사회복지학과노인복지학과노인보건복지과건강관리학과사회복지상담과,"건강운동관리사,사회복지사,의료사회복지사"
186,동물조련사,반려동물과바이오동물과,"가축인공수정사,수의사,축산기능사,축산기사,축산기술사,축산산업기사"
1103,교육학연구원,교육학과교육공학과,
59,녹음기사,방송제작과음향제작과방송영상과영상제작과,
431,데이터베이스관리자,전자공학과전기전자공학과정보통신과정보통신공학과컴퓨터공학과컴퓨터응용기계과,"전자계산기기능사,전자계산기기사,전자계산기제어산업기사,전자계산기조직응용기사,정보관리기술사,정보처리기능사,정보처리산업기사,정보처리기사,컴퓨터시스템응용기술사,SQL,데이터아키텍처,리눅스마스터,데이터분석"
319,반려동물미용사,반려동물과,반려견스타일리스트
10012,헬스 케어 컨설턴트,건강관리과건강관리학과레저스포츠과스포츠재활과스포츠지도과스포츠지도학과물리치료학과물리치료과,"건강운동관리사,영양사,간호사"
187,양식원,,"수산양식기사,수산양식기술사,수산양식산업기사,어업기술사,어로산업기사,어업생산관리기사,수산양식기능사"
1104,철학연구원,철학과,
61,대기환경기술자,환경과학과대기과학과환경공학과환경보건학과,"대기관리기술사,대기환경기사,대기환경산업기사"
435,정보보호전문가,스마트정보과정보통신공학과정보보호학과컴퓨터공학과인터넷정보학과컴퓨터보안과,"정보처리기사,정보보안기사,정보시스템감리사,정보시스템감사사(CISA),정보관리기술사"
320,연극연출가,연극영화과연극영화학과,
10013,노인 전문 간호사,간호학과노인보건복지과간호과응급구조과응급구조학과,전문간호사
189,연근해 어부 및 해녀,,"어업기술사,어로산업기사,어업생산관리기사,잠수기능사,잠수산업기사"
1105,행정학연구원,행정학과경찰행정학과보건행정학과,
63,도배원,,도배기능사
440,시스템엔지니어,시스템경영공학과컴퓨터응용기계과스마트정보과시스템공학과컴퓨터공학과,"전자계산기기능사,전자계산기기사,전자계산기제어산업기사,전자계산기조직응용기사,정보관리기술사,정보처리산업기사,정보처리기사,컴퓨터시스템응용기술사,SQL,리눅스마스터,데이터아키텍처"
321,연예인매니저,경영학과방송연예과신문방송학과연극영화과연극영화학과연예매니지먼트과,
10014,의료 기기 개발 전문가,로봇공학과메카트로닉스공학과전기전자공학과전자공학과광학공학과기계공학과의료정보공학과의용공학과기계설계공학과정보통신공학과정보통신과소프트웨어공학과,"전문간호사,의료전자기능사,전자캐드기능사,광학기능사"
190,유제품제조원,식품영양학과식품가공과식품조리과,"식품가공기능사,식품산업기사"
1106,학습지방문교사,,
64,도자기제조원,공예학과도자기공예과공예과공예디자인학과도자기공예학과,도자공예기능사
441,애니메이터,만화애니메이션학과애니메이션과,
322,영화감독,연극영화과연극영화학과영화과,
10015,스포츠 심리 상담원,스포츠재활과체육학과심리학과스포츠건강관리학과,"스포츠경영관리사,건강운동관리사,물리치료사"
192,조경원,조경과조경학과환경디자인과환경디자인학과환경조각학과,"조경기능사,조경기사,조경기술사,조경산업기사,조경수조성관리사"
1107,안마사,,안마사
65,건물도장원,건축과토목과도시건설과건축공학과,건축도장기능사
443,웹디자이너,멀티미디어과산업디자인과시각디자인과산업디자인학과멀티미디어학과그래픽디자인과시각디자인학과,"웹디자인기능사,컴퓨터그래픽스운용기능사"
323,영화기획자,연극영화과연극영화학과,
10016,여행 기획자,관광경영학과관광경영과문화관광과관광통역과항공여행과,"국내여행안내사,국외여행인솔자,관광통역안내사"
193,조경기술자,조경과조경학과,"조경기능사,조경기사,조경기술사,조경산업기사,조경수조성관리사"
1108,위생사,보건환경과환경시스템과,위생사
66,로봇연구원,기계공학과제어계측공학과,
444,웹마스터,컴퓨터공학과전기전자공학과전자공학과,"웹디자인기능사,정보처리기능사,정보처리기사,정보처리산업기사,오라클공인전문가제도(OCP),오라클 자격인증제도,리눅스마스터,SQL,정보기술프로젝트관리전문가(IT-PMP)"
325,이미지컨설턴트,심리학과경영학과미술학과,
10017,해양 레저 전문가,레저스포츠학과해양스포츠학과체육학과해양경찰학과해양경찰과산업잠수과,"수상구조사,스포츠경영관리사,잠수기능사,잠수산업기사,스포츠지도사"
195,해양수산기술자,해양시스템학과해양공학과해양자원학과,"수산양식기능사,수산양식기사,수산양식기술사,수산양식산업기사,수산제조기사,수산제조기술사,식품산업기사,어업기술사,어로산업기사,어업생산관리기사"
1109,서예가,미술학과회화학과동양화과,
68,목공,,"거푸집기능사,건축목공기능사,건축목공산업기사,건축목재시공기능장,국가유산수리기능자"
450,IT컨설턴트,인터넷정보학과정보통신과정보통신공학과경영정보과경영학과스마트정보과정보보호학과,"정보관리기술사,정보처리기능사,정보처리산업기사,정보처리기사,정보통신산업기사,정보통신기사,정보통신기술사,전자계산기조직응용기사,정보시스템감사사(CISA),정보시스템감리사,원가분석사,정보기술프로젝트관리전문가(IT-PMP)"
326,인테리어디자이너,건축공학과공예과공예학과산업디자인과산업디자인학과시각디자인과시각디자인학과환경디자인과환경디자인학과,"실내건축기능사,실내건축기사,실내건축산업기사"
10018,반려동물 훈련·상담사,반려동물과동물자원학과바이오동물과,
198,감정평가사,경제학과고고학과도시계획학과도시공학과문화인류학과문화재과법학과부동산과부동산학과사학과회계학과,감정평가사
1110,도선사,해양시스템학과해양공학과지구해양과학과,도선사
69,목재가공관련조작원,,임산가공기능사
452,정보중개인,인터넷정보학과정보통신과정보통신공학과경영정보과경영학과스마트정보과,"e-TestProfessional,디지털정보활용능력(DIAT),정보기술자격(ITQ)시험"
327,일러스트레이터,광고디자인과디지털디자인과시각디자인과시각디자인학과조형디자인학과컴퓨터디자인학과,"시각디자인기사,시각디자인산업기사,컴퓨터그래픽스운용기능사"
10019,디지털 큐레이터,인터넷정보학과IT융합학과디지털콘텐츠학과멀티미디어학과,
199,검사,법학과행정학과국제법무학과,변호사
1111,지게차운전원,,지게차운전기능사
70,미장원,건축과토목과도시건설과건축공학과,"미장기능사,국가유산수리기능자"
457,컴퓨터게임시나리오작가,국어국문학과게임콘텐츠과문예창작과문예창작학과,
328,작곡가,관현악과기악과음악학과작곡과,
10020,게임 방송 프로듀서,방송제작과방송영상과방송영상미디어과신문방송학과미디어영상학과디지털콘텐츠학과,
201,상품중개인,경영학과경제학과유통경영과,"경매사,전자상거래관리사"
1112,선박갑판원,,운항사
72,방수원,건축과토목과도시건설과건축공학과,"방수기능사,방수산업기사"
458,컴퓨터그래픽디자이너,디지털디자인과그래픽디자인과컴퓨터디자인학과,"컴퓨터그래픽스운용기능사,GTQ(그래픽기술자격)"
332,제품디자이너,공업디자인과공업디자인학과공예과공예디자인학과산업디자인과산업디자인학과시각디자인과시각디자인학과제품디자인과패션디자인과,"제품디자인기사,제품디자인기술사,제품디자인산업기사,제품응용모델링기능사"
10021,개인미디어 콘텐츠제작자(크리에이터),디지털미디어과방송영상미디어과멀티미디어과디지털콘텐츠학과멀티미디어학과미디어영상학과,멀티미디어콘텐츠제작전문가
202,경영컨설턴트,세무학과경영학과경제학과교육학과국제통상학과무역학과산업공학과심리학과회계학과,"경영지도사,기술지도사"
1113,방문판매원,,
73,섬유제조원,,"섬유기술사,염색기능사(날염),염색기능사(침염)"
459,속기사,비서행정학과비서행정과국어국문학과,한글속기
333,조각가,조소학과환경조각학과,
10022,드론 콘텐츠 전문가,무인항공드론과멀티미디어과무인항공학과문화콘텐츠학과멀티미디어학과,
203,경제학연구원,금융보험학과경제학과농업경제학과,
1114,상품대여원,,
74,배관원,산업설비자동화과건축공학과금형설계과,"배관기능장,배관산업기사,배관기능사"
462,사이버교육운영자,교육학과교육공학과컴퓨터교육과,
334,조향사,화학공학과화학과,
10023,문화 콘텐츠 전문가,미디어학과영상콘텐츠과디지털콘텐츠학과멀티미디어학과,멀티미디어콘텐츠제작전문가
205,노무사,경영학과경제학과법학과사회학과행정학과,공인노무사
1115,주유원,,
75,조적공,,"건축일반시공산업기사,조적기능사,건축일반시공기능장"
465,통신망설계운영기술자,컴퓨터공학과정보통신공학과컴퓨터과학과인터넷정보학과전자공학과,"무선설비기사,전파전자통신기사,정보통신산업기사,정보통신기사,정보통신기술사,RFID기술자격검정"
335,지휘자,관현악과기악과음악학과작곡과,
10024,해양 에너지 기술자,해양공학과해양시스템학과항해학과지구해양과학과에너지자원공학과,"해양자원개발기사,신재생에너지발전설비기능사(태양광),신재생에너지발전설비기사(태양광),에너지관리기능사,에너지관리기사,자원관리기술사,시추기능사"
206,회계사,경영학과경제학과금융경영과금융보험학과세무학과회계학과,공인회계사
1116,계산원 및 매표원,,
76,보석감정사,보석감정과,"보석감정사,보석감정산업기사"
466,컴퓨터설치·수리원,컴퓨터공학과컴퓨터과학과,"PC정비사,PC Master(정비사)"
336,운동선수,무도학과무용과무용학과사회체육과사회체육학과체육학과태권도과,
10025,스마트 그리드 엔지니어,IT융합학과에너지자원공학과전기공학과전기과전기전자공학과전기제어공학과정보통신공학과,"전기기능사,전기공사기사,전기공사산업기사,발송배전기술사,전기응용기술사,정보통신기사,정보통신산업기사"
207,관세사,경영학과경제학과무역학과법학과세무학과유통학과세무회계과회계학과,관세사
1117,청원경찰,경찰행정학과경찰행정과사회체육학과사회체육과경호스포츠과행정학과체육학과,
77,건설기계운전원,제어계측공학과기계과제어계측과전기과전기전자과기계공학과전기공학과전기전자공학과,"굴착기운전기능사,로더운전기능사,롤러운전기능사,모터그레이더운전기능사,불도저운전기능사,아스팔트피니셔운전기능사,지게차운전기능사"
467,의료정보시스템개발자,의료정보시스템과의료정보공학과컴퓨터소프트웨어과소프트웨어공학과컴퓨터공학과컴퓨터과컴퓨터과학과시스템공학과정보통신공학과,"전자계산기기능사,전자계산기제어산업기사,전자계산기기사,정보처리기능사,정보처리산업기사,정보처리기사,컴퓨터시스템응용기술사,마이크로소프트 인증 전문가 자격증(MCP),오라클 자격인증제도,보건의료정보관리사,병원행정사"
337,촬영기사,방송영상과방송제작과사진영상학과연극영화과연극영화학과,
10026,기후변화 대응 전문가,환경공학과지구해양과학과천문학과,
208,국제무역사무원,경영학과경제학과무역학과국제통상학과유통학과,"물류관리사,유통관리사,검량사,검수사"
1118,무인경비시스템종사원,경호스포츠과경찰행정학과경찰행정과경호학과,
81,비파괴검사원,물리학과금속공학과재료공학과기계공학과기계과,"누설비파괴검사기사,방사선비파괴검사기능사,방사선비파괴검사기사,방사선비파괴검사산업기사,비파괴검사기술사,와전류비파괴검사기사,자기비파괴검사기능사,자기비파괴검사기사,자기비파괴검사산업기사,초음파비파괴검사산업기사,침투비파괴검사기능사,침투비파괴검사기사,침투비파괴검사산업기사,초음파비파괴검사기능사,초음파비파괴검사기사"
469,고객관리시스템(CRM)전문가,컴퓨터소프트웨어과소프트웨어공학과컴퓨터공학과컴퓨터과컴퓨터과학과시스템공학과정보통신공학과통계학과,"전자계산기기능사,전자계산기기사,전자계산기제어산업기사,전자계산기조직응용기사,정보처리기능사,정보처리기사,정보처리산업기사,컴퓨터시스템응용기술사"
338,출판물기획전문가,국어국문학과미디어출판과,
10027,신재생에너지 전문가,에너지자원공학과환경화학과화학공학과공업화학과전기공학과전기전자공학과,
209,국제회의전문가,경영학과관광경영학과,컨벤션기획사
1119,구두미화원 및 수선원,,
83,산업공학기술자,전기전자공학과기계설계공학과기계공학과산업공학과전기공학과안전공학과,"산업안전기사,산업안전산업기사,산업안전지도사,품질경영산업기사,공장관리기술사,품질경영기사"
470,전자상거래전문가,마케팅경영과정보통신과정보통신공학과경영정보과,"전자상거래관리사,전자상거래운용사,샵마스터"
339,캐릭터디자이너,공업디자인과산업디자인과시각디자인과제품디자인과,"시각디자인기사,시각디자인산업기사,컴퓨터그래픽스운용기능사"
10028,스마트 재난 관리 전문가,IT융합학과소방방재학과안전공학과정보통신공학과컴퓨터공학과소프트웨어공학과,방재기사
211,농수산물중개인,농수산과경영학과무역학과산업경영학과유통경영과유통학과수산학과,경매사
1120,주차관리원,,자동차운전면허
84,산업안전관리원,안전공학과산업안전과,"건설안전기사,건설안전기술사,건설안전산업기사,기계안전기술사,산업안전기사,산업안전산업기사,산업위생관리기사,산업위생관리기술사,산업위생관리산업기사"
474,아이티(IT)기술영업원,컴퓨터소프트웨어과컴퓨터공학과마케팅경영과정보통신과정보통신공학과,"전자상거래관리사,전자상거래운용사,컴퓨터활용능력,컴퓨터그래픽스운용기능사,정보처리기능사,정보처리산업기사,정보처리기사,오라클공인전문가제도(OCP),오라클 자격인증제도,리눅스마스터,SQL"
340,컬러리스트,산업디자인과산업디자인학과시각디자인과시각디자인학과회화학과,"컬러리스트기사,컬러리스트산업기사"
10029,블록체인 전문가,사이버국방학과소프트웨어공학과정보보호학과정보통신공학과컴퓨터공학과컴퓨터과학과경제학과,
212,도시 및 교통설계전문가,도시계획학과도시공학과지역개발학과,"도시계획기사,도시계획기술사"
1121,이용사,미용과뷰티미용학과피부미용과,"이용장,이용사"
85,상ㆍ하수도 처리장치 조작원,화학공업과환경공업과환경과학과,"수질환경산업기사,수질환경기사,정수시설운영관리사,환경기능사"
475,아이티(IT)교육강사,컴퓨터교육과컴퓨터소프트웨어과컴퓨터공학과디지털디자인과정보통신과정보통신공학과시스템공학과멀티미디어학과디지털디자인학과,"전자상거래관리사,전자상거래운용사,컴퓨터활용능력,컴퓨터그래픽스운용기능사,정보처리기능사,정보처리산업기사,정보처리기사"
344,패션디자이너,의류ㆍ의상학과패션디자인과시각디자인과공예학과산업디자인과섬유디자인과공예과섬유공학과시각디자인과코디네이션과산업디자인학과,"패션디자인산업기사,섬유디자인산업기사"
10030,디지털 포렌식 수사관,IT융합학과사이버국방학과소프트웨어공학과정보보호학과컴퓨터공학과컴퓨터과학과경찰행정학과경찰행정과,
214,바이어(구매인),경영학과경제학과마케팅경영과무역학과유통학과,"물류관리사,유통관리사"
1122,미용사,미용과피부미용과,"미용사(일반),미용장"
86,생물공학연구원,생명과학과생명공학과,바이오화학제품제조기사
476,무선주파수(RF)엔지니어,전자공학과정보통신공학과전기전자공학과,"무선설비산업기사,무선설비기사,RFID기술자격검정"
345,패션코디네이터,코디네이션과패션디자인과,
10031,클라우드 시스템 엔지니어,IT융합학과교양공학부모바일시스템공학과소프트웨어공학과정보통신공학과컴퓨터공학과컴퓨터과학과,빅데이터분석기사
215,물류관리사,물류학과무역학과물류시스템공학과유통경영과유통학과,"물류관리사,유통관리사,ERP물류정보관리사"
1124,혼례종사원,,
87,석공,,"석공기능사,석공예기능사,국가유산수리기능자"
481,교장,미술교육과독일어교육과불어교육과역사교육과체육교육과지리교육과한문교육과물리교육과초등교육과과학교육과지구과학교육과생물교육과국어교육과수학교육과교육학과윤리교육과일반사회교육과화학교육과,정교사
346,편집기사,방송제작과방송영상과영상제작과,
10032,빅 데이터 전문가,IT융합학과교양공학부소프트웨어공학과정보통신공학과컴퓨터공학과컴퓨터과컴퓨터과학과컴퓨터소프트웨어과통계학과,"빅데이터분석기사,데이터분석,데이터분석준전문가,사회조사분석사,정보처리기사"
217,보험계리인,경영학과경제학과금융경영과금융보험학과법학과세무학과수학과통계학과회계학과,"보험계리사,개인보험심사역,기업보험심사역,신용위험분석사(CRA)"
1125,선박 및 열차객실승무원,관광경영과관광통역과문화관광과,
88,석유화학기술자,기계과화학공업과화학공학과화학과,"가스기능사,가스기사,가스산업기사,화공기사,화공기술사,화공안전기술사,화학분석기사,화학분석기능사"
539,소음진동기술자,보건환경과환경과학과환경시스템과환경보건학과환경공학과,"소음진동산업기사,소음진동기사,소음진동기술사"
347,악기수리원 및 조율사,관현악과음악과피아노학과음향제작과기악과,"피아노조율기능사,피아노조율산업기사"
10033,크라우드 펀딩 전문가,IT융합학과수학과통계학과,"국제금융역,자산관리사(FP)"
219,부동산중개인,경영학과경제학과법학과부동산과부동산학과세무학과,공인중개사
1126,치어리더,,
90,조선공학기술자,조선공학과기계공학과,"조선산업기사,조선기사,선체건조기능사,조선기술사"
592,크레인 및 호이스트운전원,자동차공학과기계공학과기계과자동차과,"타워크레인운전기능사,기중기운전기능사,천장크레인운전기능사,컨테이너크레인운전기능사"
348,학예사(큐레이터),산업디자인학과조소학과예술학과공예과문화인류학과회화학과시각디자인학과동양화과사학과서양화과산업디자인과시각디자인과고고학과공예학과,박물관·미술관학예사
10034,사이버 평판 관리자,국어국문학과언론홍보학과심리학과마케팅경영과미디어학과,
222,생활설계사,금융경영과금융보험학과,"보험중개사,신용상담사"
1127,접객원,관광경영과호텔경영과호텔외식경영과,
92,선박정비원,기계공학과기계과,동력기계정비기능사
626,여행상품개발원,관광통역과문화관광과호텔경영과관광경영학과,"국내여행안내사,관광통역안내사"
349,화가,미술학과동양화과서양화과공예학과공예과회화학과,
10035,사물 인터넷 전문가,정보통신과컴퓨터과소프트웨어공학과,
223,선물중개인,금융보험학과경영학과경제학과,
1128,주방보조원,,"양식조리기능사,일식조리기능사,중식조리기능사,한식조리기능사"
97,시멘트제조원,,"콘크리트기능사,콘크리트산업기사,콘크리트기사"
740,귀금속 및 보석세공원,금속공예과공예학과산업디자인과공예과시각디자인학과산업디자인학과금속공예학과시각디자인과,"귀금속가공기능사,귀금속가공산업기사,귀금속가공기능장,보석가공기능사"
352,가사도우미,,
10036,생체 인식 전문가,컴퓨터공학과물리학과정보보호학과,"정보처리기사,정보통신기사,방송통신기사,전파전자통신기사"
224,세무사,경제학과경영학과법학과세무회계학과회계학과세무학과수학과통계학과,세무사
1129,요리배달원,,자동차운전면허
98,신경회로망연구원,전자공학과기계공학과컴퓨터공학과재료공학과전기공학과,
795,호텔지배인,관광경영과문화관광과호텔경영과관광경영학과,"호텔경영사,호텔관리사,호텔서비스사"
353,간병인,,요양보호사
10037,생물 정보 분석가,생물학과유전공학과생명공학과생화학과통계학과바이오생명정보과수학과,
226,손해사정사,금융보험학과통계학과경영학과경영회계정보과금융보험학과법학과세무학과세무회계학과수학과통계학과회계학과,손해사정사
1130,건설견적원,건축공학과건축과건축학과토목공학과토목과,
100,압연원,금속공학과신소재공학과기계공학과재료과,"압연기능장,압연기능사"
834,시스템소프트웨어개발자,컴퓨터공학과시스템공학과컴퓨터응용기계과정보통신공학과소프트웨어공학과,"전자계산기기능사,전자계산기제어산업기사,전자계산기기사,정보처리기능사,정보처리산업기사,정보처리기사,컴퓨터시스템응용기술사,마이크로소프트 인증 전문가 자격증(MCP),오라클 자격인증제도"
354,간호사,간호학과,"간호사,조산사,보건교사"
10038,로봇 윤리학자,법학과로봇공학과윤리학과,
230,시장 및 여론조사전문가,사회학과심리학과통계학과,"사회조사분석사,소비자전문상담사"
1131,전통건축원,건축공학과건축과건축학과,"국가유산수리기술자,국가유산수리기능자,실내건축기능사,실내건축기사,실내건축산업기사,건축목재시공기능장"
101,영사기사,영상제작과방송제작과연극영화과방송영상과연극영화학과,"영사기능사,영사산업기사"
911,조명기사,전자공학과전기과방송제작과전기공학과연극영화과연극영화학과방송영상과전자과전기전자공학과,"무대예술전문인,방송통신기능사,방송통신산업기사,방송통신기사"
355,간호조무사,,간호조무사
10039,드론 전문가,기계공학과로봇공학과항공우주공학과,초경량비행장치조종자
231,신용조사원,회계학과금융보험학과경제학과경영학과,"공인회계사,신용분석사,신용위험분석사(CRA),신용관리사"
1132,단열원,건축공학과토목과건축과도시건설과,온수온돌기능사
102,용접원,제철금속과기계설계공학과기계공학과기계과금속공학과,"용접기능사,용접기능장,용접기사,용접기술사,용접산업기사,특수용접기능사"
914,영화시나리오작가,문예창작학과문예창작과신문방송학과국어국문학과,
356,청소원,,
10040,손실방지전문가,산업공학과시스템경영공학과산업안전과,산업보안관리사
232,광고 및 홍보전문가,경영학과광고기획과광고홍보학과신문방송학과심리학과언론홍보학과,컨벤션기획사
1133,유리부착원,건축공학과토목과건축과도시건설과,유리시공기능사
104,원자력연구원,원자력공학과,"원자력기사,원자력발전기술사,핵연료물질취급자"
915,음향기사,음향제작과,무대예술전문인
358,경비원,,
10041,소비생활어드바이저,물류시스템공학과경영학과심리학과,소비자전문상담사
233,외교관,경제학과국제문화정보학과국제통상학과국제학부독어독문학과러시아어문학과법학과불어불문학과스페인어학과아프리카어과영어과영어영문학과영어학과유럽ㆍ기타어과일본어과일어일문학과정치외교학과중국어과중어중문학과행정학과,
1134,메카트로닉스공학기술자,메카트로닉스공학과기계공학과전자공학과,"자동화설비산업기사,기계기술사,일반기계기사"
106,유리제품제조원,기계과세라믹공학과재료공학과,
916,특수효과기술자,시각디자인학과시각디자인과연극영화과연극영화학과미술학과미디어영상학과,컴퓨터그래픽스운용기능사
359,경찰관,법학과해양경찰학과경찰행정학과,자동차운전면허
10042,문화여가사,레크리에이션과레저스포츠과레저스포츠학과,
234,외환딜러,금융보험학과경영학과경제학과국제통상학과금융경영과세무학과수학과통계학과회계학과,"외환전문역,국제금융역"
1135,공구제조원,,
107,인공위성개발원,항공우주공학과재료공학과물리학과제어계측과화학과전자공학과,
917,음반기획자,음악과실용음악과음악학과실용음악학과,
360,경호원,경찰행정과사회체육과체육학과경호스포츠과경찰행정학과사회체육학과,"경비지도사,자동차운전면허"
10043,개인브랜드매니저,경영학과마케팅경영과심리학과,
236,자동차영업원,기계공학과경영학과금형설계과기계과자동차과자동차정비과,"자동차정비기사,자동차정비산업기사"
1136,항공기·선박조립 및 검사원,항공정비과,"기계가공조립기능사,기계조립산업기사"
108,인쇄기조작원,미디어출판과,"인쇄산업기사,인쇄기사,사진기능사"
920,애니메이션기획자,만화애니메이션학과애니메이션과,
362,일반공무원,경영학과사회복지학과법학과행정학과회계학과경제학과,
10044,개인관리컨설턴트,건강관리과건강관리학과사회복지학과,
