type,seq,status
major,309,skip
major,458,skip
major,10027,skip
major,20,ok
major,10030,ok
major,10156,ok
major,449,ok
major,340,ok
major,245,ok
major,309,skip
major,458,skip
major,10027,skip
major,20,skip
major,10030,skip
major,10156,skip
major,449,skip
major,340,skip
major,245,skip
major,309,skip
major,458,skip
major,10027,skip
major,20,skip
major,10030,skip
major,10156,skip
major,449,skip
major,340,skip
major,245,skip
major,309,skip
major,458,skip
major,10027,skip
major,20,skip
major,10030,skip
major,10156,skip
major,449,skip
major,340,skip
major,245,skip
major,309,skip
major,458,skip
major,10027,skip
major,20,skip
major,10030,skip
major,10156,skip
major,449,skip
major,340,skip
major,245,skip
major,309,skip
major,458,skip
major,10027,skip
major,20,skip
major,10030,skip
major,10156,skip
major,449,skip
major,340,skip
major,245,skip
major,309,skip
major,458,skip
major,10027,skip
major,20,skip
major,10030,skip
major,10156,skip
major,449,skip
major,340,skip
major,245,skip
major,309,skip
major,458,skip
major,10027,skip
major,20,skip
major,10030,skip
major,10156,skip
major,449,skip
major,340,skip
major,245,skip
major,309,skip
major,458,skip
major,10027,skip
major,20,skip
major,10030,skip
major,10156,skip
major,449,skip
major,340,skip
major,245,skip
major,309,skip
major,458,skip
major,10027,skip
major,20,skip
major,10030,skip
major,10156,skip
major,449,skip
major,340,skip
major,245,skip
major,502,ok
major,503,ok
major,437,ok
major,660,ok
major,49,ok
major,622,ok
major,10041,ok
major,613,ok
major,10043,ok
major,128,ok
major,33,ok
major,386,ok
major,574,ok
major,339,ok
major,658,ok
major,439,ok
major,341,ok
major,653,ok
major,652,ok
major,606,ok
major,523,ok
major,494,ok
major,21016,ok
major,190,ok
major,21010,ok
major,654,ok
major,21023,ok
major,505,ok
major,10117,ok
major,21027,ok
major,250,ok
major,149,ok
major,532,ok
major,568,ok
major,21,ok
major,558,ok
major,148,ok
major,541,ok
major,322,ok
major,246,ok
major,10025,ok
major,607,ok
major,69,ok
major,10154,ok
major,70,ok
major,50,ok
major,432,ok
major,456,ok
major,351,ok
major,493,ok
major,318,ok
major,646,ok
major,240,ok
major,10029,ok
major,10021,ok
major,376,ok
major,10024,ok
major,253,ok
major,10,ok
major,582,ok
major,303,ok
major,352,ok
major,10045,ok
major,423,ok
major,10146,ok
major,10144,ok
major,333,ok
major,226,ok
major,21001,ok
major,10026,ok
major,550,ok
major,377,ok
major,21020,ok
major,332,ok
major,45,ok
major,644,ok
major,643,ok
major,567,ok
major,542,ok
major,540,ok
major,10035,ok
major,393,ok
major,375,ok
major,220,ok
major,143,ok
major,10148,ok
major,22,ok
major,10143,ok
major,639,ok
major,630,ok
major,228,ok
major,214,ok
major,27,ok
major,492,ok
major,181,ok
major,243,ok
major,533,ok
major,117,ok
major,373,ok
major,10007,ok
major,334,ok
major,103,ok
major,203,ok
major,75,ok
major,10141,ok
major,394,ok
major,21009,ok
major,72,ok
major,662,ok
major,286,ok
major,83,ok
major,666,ok
major,344,ok
major,54,ok
major,46,ok
major,10157,ok
major,247,ok
major,304,ok
major,221,ok
major,208,ok
major,10139,ok
major,107,ok
major,25,ok
major,361,ok
major,362,ok
major,10008,ok
major,566,ok
major,360,ok
major,172,ok
major,23,ok
major,10150,ok
major,629,ok
major,631,ok
major,10149,ok
major,634,ok
major,10006,ok
major,8,ok
major,9,ok
major,12,ok
major,11,ok
major,21002,ok
major,16,ok
major,17,ok
major,18,ok
major,21003,ok
major,24,ok
major,26,ok
major,28,ok
major,29,ok
major,30,ok
major,21004,ok
major,34,ok
major,35,ok
major,37,ok
major,38,ok
major,39,ok
major,41,ok
major,44,ok
major,48,ok
major,51,ok
major,10140,ok
major,55,ok
major,10142,ok
major,56,ok
major,10145,ok
major,57,ok
major,59,ok
major,61,ok
major,10147,ok
major,10038,ok
major,67,ok
major,68,ok
major,74,ok
major,21005,ok
major,77,ok
major,78,ok
major,79,ok
major,82,ok
major,85,ok
major,21006,ok
major,86,ok
major,87,ok
major,88,ok
major,89,ok
major,93,ok
major,32,ok
major,94,ok
major,127,ok
major,389,ok
major,96,ok
major,10049,ok
major,102,ok
major,104,ok
major,106,ok
major,108,ok
major,111,ok
major,114,ok
major,13,ok
major,118,ok
major,120,ok
major,121,ok
major,122,ok
major,123,ok
major,124,ok
major,126,ok
major,471,ok
major,132,ok
major,134,ok
major,135,ok
major,10020,ok
major,140,ok
major,10116,ok
major,144,ok
major,10120,ok
major,150,ok
major,151,ok
major,152,ok
major,153,ok
major,10118,ok
major,155,ok
major,10152,ok
major,158,ok
major,160,ok
major,162,ok
major,21007,ok
major,21008,ok
major,163,ok
major,164,ok
major,165,ok
major,166,ok
major,167,ok
major,424,ok
major,169,ok
major,10031,ok
major,174,ok
major,175,ok
major,176,ok
major,177,ok
major,178,ok
major,179,ok
major,183,ok
major,184,ok
major,186,ok
major,10153,ok
major,195,ok
major,196,ok
major,10012,ok
major,354,ok
major,199,ok
major,21011,ok
major,200,ok
major,202,ok
major,210,ok
major,213,ok
major,215,ok
major,216,ok
major,223,ok
major,224,ok
major,225,ok
major,10040,ok
major,227,ok
major,10119,ok
major,232,ok
major,234,ok
major,236,ok
major,21012,ok
major,239,ok
major,257,ok
major,241,ok
major,242,ok
major,252,ok
major,10050,ok
major,255,ok
major,10051,ok
major,260,ok
major,261,ok
major,263,ok
major,10048,ok
major,265,ok
major,267,ok
major,21013,ok
major,272,ok
major,10005,ok
major,276,ok
major,279,ok
major,281,ok
major,282,ok
major,283,ok
major,285,ok
major,287,ok
major,10015,ok
major,288,ok
major,290,ok
major,21014,ok
major,296,ok
major,298,ok
major,299,ok
major,10033,ok
major,21015,ok
major,489,ok
major,10019,ok
major,10115,ok
major,306,ok
major,10039,ok
major,307,ok
major,308,ok
major,310,ok
major,311,ok
major,450,ok
major,313,ok
major,314,ok
major,317,ok
major,21017,ok
major,320,ok
major,324,ok
major,325,ok
major,10017,ok
major,326,ok
major,10018,ok
major,509,ok
major,113,ok
major,329,ok
major,330,ok
major,7,ok
major,331,ok
major,336,ok
major,337,ok
major,338,ok
major,10009,ok
major,345,ok
major,10016,ok
major,346,ok
major,448,ok
major,350,ok
major,168,ok
major,364,ok
major,365,ok
major,366,ok
major,367,ok
major,368,ok
major,10046,ok
major,369,ok
major,10047,ok
major,380,ok
major,382,ok
major,383,ok
major,384,ok
major,131,ok
major,390,ok
major,391,ok
major,10032,ok
major,392,ok
major,21018,ok
major,63,ok
major,64,ok
major,395,ok
major,10022,ok
major,396,ok
major,398,ok
major,399,ok
major,10014,ok
major,21019,ok
major,402,ok
major,404,ok
major,405,ok
major,407,ok
major,408,ok
major,413,ok
major,414,ok
major,418,ok
major,10028,ok
major,486,ok
major,431,ok
major,434,ok
major,10023,ok
major,436,ok
major,440,ok
major,442,ok
major,443,ok
major,445,ok
major,451,ok
major,452,ok
major,453,ok
major,454,ok
major,457,ok
major,460,ok
major,459,ok
major,461,ok
major,580,ok
major,463,ok
major,464,ok
major,465,ok
major,469,ok
major,470,ok
major,479,ok
major,484,ok
major,488,ok
major,490,ok
major,491,ok
major,495,ok
major,496,ok
major,498,ok
major,499,ok
major,500,ok
major,504,ok
major,10037,ok
major,507,ok
major,21021,ok
major,508,ok
major,510,ok
major,511,ok
major,598,ok
major,514,ok
major,516,ok
job,10113,skip
job,10114,skip
job,10115,skip
job,10116,ok
job,10117,ok
job,10118,ok
job,10112,ok
job,10111,ok
job,10110,ok
job,10113,skip
job,10114,skip
job,10115,skip
job,10116,skip
job,10117,skip
job,10118,skip
job,10112,skip
job,10111,skip
job,10110,skip
job,10113,skip
job,10114,skip
job,10115,skip
job,10116,skip
job,10117,skip
job,10118,skip
job,10112,skip
job,10111,skip
job,10110,skip
job,10113,skip
job,10114,skip
job,10115,skip
job,10116,skip
job,10117,skip
job,10118,skip
job,10112,skip
job,10111,skip
job,10110,skip
job,10113,skip
job,10114,skip
job,10115,skip
job,10116,skip
job,10117,skip
job,10118,skip
job,10112,skip
job,10111,skip
job,10110,skip
job,10113,skip
job,10114,skip
job,10115,skip
job,10116,skip
job,10117,skip
job,10118,skip
job,10112,skip
job,10111,skip
job,10110,skip
job,10113,skip
job,10114,skip
job,10115,skip
job,10116,skip
job,10117,skip
job,10118,skip
job,10112,skip
job,10111,skip
job,10110,skip
job,10113,skip
job,10114,skip
job,10115,skip
job,10116,skip
job,10117,skip
job,10118,skip
job,10112,skip
job,10111,skip
job,10110,skip
job,10113,skip
job,10114,skip
job,10115,skip
job,10116,skip
job,10117,skip
job,10118,skip
job,10112,skip
job,10111,skip
job,10110,skip
job,10113,skip
job,10114,skip
job,10115,skip
job,10116,skip
job,10117,skip
job,10118,skip
job,10112,skip
job,10111,skip
job,10110,skip
job,10109,ok
job,10108,ok
job,10107,ok
job,10102,ok
job,10103,ok
job,10104,ok
job,10105,ok
job,10106,ok
job,10101,ok
job,262,ok
job,1151,ok
job,132,ok
job,951,ok
job,1,ok
job,380,ok
job,10059,ok
job,264,ok
job,1152,ok
job,133,ok
job,952,ok
job,5,ok
job,383,ok
job,10060,ok
job,265,ok
job,1153,ok
job,137,ok
job,954,ok
job,6,ok
job,384,ok
job,10061,ok
job,266,ok
job,1154,ok
job,138,ok
job,957,ok
job,8,ok
job,385,ok
job,10062,ok
job,267,ok
job,1155,ok
job,139,ok
job,963,ok
job,10,ok
job,386,ok
job,10063,ok
job,268,ok
job,1156,ok
job,140,ok
job,966,ok
job,13,ok
job,388,ok
job,10064,ok
job,269,ok
job,1157,ok
job,142,ok
job,968,ok
job,15,ok
job,390,ok
job,10065,ok
job,270,ok
job,1158,ok
job,143,ok
job,973,ok
job,17,ok
job,391,ok
job,10066,ok
job,271,ok
job,1255,ok
job,144,ok
job,975,ok
job,19,ok
job,392,ok
job,10067,ok
job,272,ok
job,1256,ok
job,145,ok
job,976,ok
job,20,ok
job,395,ok
job,10068,ok
job,273,ok
job,1257,ok
job,147,ok
job,978,ok
job,21,ok
job,396,ok
job,10069,ok
job,278,ok
job,1259,ok
job,148,ok
job,985,ok
job,23,ok
job,397,ok
job,10070,ok
job,280,ok
job,1276,ok
job,149,ok
job,988,ok
job,24,ok
job,398,ok
job,10071,ok
job,281,ok
job,1277,ok
job,150,ok
job,994,ok
job,25,ok
job,400,ok
job,10072,ok
job,283,ok
job,1278,ok
job,151,ok
job,995,ok
job,29,ok
job,401,ok
job,10073,ok
job,284,ok
job,1279,ok
job,153,ok
job,997,ok
job,30,ok
job,403,ok
job,10074,ok
job,285,ok
job,1281,ok
job,155,ok
job,1004,ok
job,31,ok
job,404,ok
job,10075,ok
job,286,ok
job,1282,ok
job,157,ok
job,1006,ok
job,32,ok
job,405,ok
job,10076,ok
job,288,ok
job,1431,ok
job,159,ok
job,1007,ok
job,33,ok
job,406,ok
job,10077,ok
job,291,ok
job,1432,ok
job,162,ok
job,1009,ok
job,34,ok
job,407,ok
job,10078,ok
job,293,ok
job,1433,ok
job,163,ok
job,1010,ok
job,36,ok
job,408,ok
job,10079,ok
job,294,ok
job,1436,ok
job,164,ok
job,1061,ok
job,37,ok
job,409,ok
job,10080,ok
job,295,ok
job,1437,ok
job,165,ok
job,1068,ok
job,38,ok
job,410,ok
job,296,ok
job,1438,ok
job,166,ok
job,1076,ok
job,39,ok
job,411,ok
job,298,ok
job,1439,ok
job,167,ok
job,1078,ok
job,40,ok
job,412,ok
job,299,ok
job,1440,ok
job,169,ok
job,1080,ok
job,41,ok
job,413,ok
job,301,ok
job,1441,ok
job,171,ok
job,1081,ok
job,42,ok
job,414,ok
job,303,ok
job,1541,ok
job,172,ok
job,1087,ok
job,46,ok
job,415,ok
job,304,ok
job,10001,ok
job,173,ok
job,1088,ok
job,47,ok
job,416,ok
job,305,ok
job,10002,ok
job,174,ok
job,1089,ok
job,48,ok
job,417,ok
job,306,ok
job,10003,ok
job,175,ok
job,1090,ok
job,49,ok
job,418,ok
job,309,ok
job,10004,ok
job,176,ok
job,1092,ok
job,50,ok
job,419,ok
job,310,ok
job,10005,ok
job,177,ok
job,1093,ok
job,52,ok
job,421,ok
job,311,ok
job,10006,ok
job,178,ok
job,1096,ok
job,53,ok
job,426,ok
job,313,ok
job,10007,ok
job,179,ok
job,1097,ok
job,54,ok
job,427,ok
job,314,ok
job,10008,ok
job,180,ok
job,1100,ok
job,56,ok
job,428,ok
job,316,ok
job,10009,ok
job,182,ok
job,1101,ok
job,57,ok
job,429,ok
job,317,ok
job,10010,ok
job,183,ok
job,1102,ok
job,58,ok
job,430,ok
job,318,ok
job,10011,ok
job,186,ok
job,1103,ok
job,59,ok
job,431,ok
job,319,ok
job,10012,ok
job,187,ok
job,1104,ok
job,61,ok
job,435,ok
job,320,ok
job,10013,ok
job,189,ok
job,1105,ok
job,63,ok
job,440,ok
job,321,ok
job,10014,ok
job,190,ok
job,1106,ok
job,64,ok
job,441,ok
job,322,ok
job,10015,ok
job,192,ok
job,1107,ok
job,65,ok
job,443,ok
job,323,ok
job,10016,ok
job,193,ok
job,1108,ok
job,66,ok
job,444,ok
job,325,ok
job,10017,ok
job,195,ok
job,1109,ok
job,68,ok
job,450,ok
job,326,ok
job,10018,ok
job,198,ok
job,1110,ok
job,69,ok
job,452,ok
job,327,ok
job,10019,ok
job,199,ok
job,1111,ok
job,70,ok
job,457,ok
job,328,ok
job,10020,ok
job,201,ok
job,1112,ok
job,72,ok
job,458,ok
job,332,ok
job,10021,ok
job,202,ok
job,1113,ok
job,73,ok
job,459,ok
job,333,ok
job,10022,ok
job,203,ok
job,1114,ok
job,74,ok
job,462,ok
job,334,ok
job,10023,ok
job,205,ok
job,1115,ok
job,75,ok
job,465,ok
job,335,ok
job,10024,ok
job,206,ok
job,1116,ok
job,76,ok
job,466,ok
job,336,ok
job,10025,ok
job,207,ok
job,1117,ok
job,77,ok
job,467,ok
job,337,ok
job,10026,ok
job,208,ok
job,1118,ok
job,81,ok
job,469,ok
job,338,ok
job,10027,ok
job,209,ok
job,1119,ok
job,83,ok
job,470,ok
job,339,ok
job,10028,ok
job,211,ok
job,1120,ok
job,84,ok
job,474,ok
job,340,ok
job,10029,ok
job,212,ok
job,1121,ok
job,85,ok
job,475,ok
job,344,ok
job,10030,ok
job,214,ok
job,1122,ok
job,86,ok
job,476,ok
job,345,ok
job,10031,ok
job,215,ok
job,1124,ok
job,87,ok
job,481,ok
job,346,ok
job,10032,ok
job,217,ok
job,1125,ok
job,88,ok
job,539,ok
job,347,ok
job,10033,ok
job,219,ok
job,1126,ok
job,90,ok
job,592,ok
job,348,ok
job,10034,ok
job,222,ok
job,1127,ok
job,92,ok
job,626,ok
job,349,ok
job,10035,ok
job,223,ok
job,1128,ok
job,97,ok
job,740,ok
job,352,ok
job,10036,ok
job,224,ok
job,1129,ok
job,98,ok
job,795,ok
job,353,ok
job,10037,ok
job,226,ok
job,1130,ok
job,100,ok
job,834,ok
job,354,ok
job,10038,ok
job,230,ok
job,1131,ok
job,101,ok
job,911,ok
job,355,ok
job,10039,ok
job,231,ok
job,1132,ok
job,102,ok
job,914,ok
job,356,ok
job,10040,ok
job,232,ok
job,1133,ok
job,104,ok
job,915,ok
job,358,ok
job,10041,ok
job,233,ok
job,1134,ok
job,106,ok
job,916,ok
job,359,ok
job,10042,ok
job,234,ok
job,1135,ok
job,107,ok
job,917,ok
job,360,ok
job,10043,ok
job,236,ok
job,1136,ok
job,108,ok
job,920,ok
job,362,ok
job,10044,ok
